,Tesseract,Ground_Truth,IS_error
0,These,These,False
1,1nd1v1duals,individuals,True
2,today,today,False
3,are,are,False
4,more,more,False
5,willing,willing,False
6,and,and,False
7,capable,capable,False
8,of,of,False
9,representlng,representing,True
10,you,your,False
11,companles,companies,False
12,and,and,False
13,our,our,False
14,1ndustry,industry,False
15,than,than,False
16,ever,ever,False
17,before.,before.,False
18,It's,It's,False
19,also,also,False
20,clear,clear,False
21,to,to,False
22,the,the,False
23,commlttee,committee,True
24,that,that,False
25,many,many,False
26,companles,companies,False
27,are,are,False
28,now,now,False
29,placlng,placing,False
30,1ncrease,increased,False
31,value,value,False
32,on,on,False
33,communlcatlons,communications,False
34,skllls,skills,True
35,when,when,False
36,senlor,senior,False
37,management,management,False
38,selects,selects,False
39,the,the,False
40,people,people,False
41,to,to,False
42,serve,serve,False
43,as,as,False
44,your,your,False
45,plant,plant,False
46,managers.,managers.,False
47,on,On,False
48,the,the,False
49,medla,media,False
50,rel.tlons,relations,False
51,front,front,False
52,1n,in,False
53,"1996,","1986,",True
54,the,the,False
55,commlttee,committee,True
56,felt,felt,False
57,that,that,False
58,we,we,False
59,generally,generally,False
60,recelV-d,received,False
61,falr,fair,False
62,coverage.,coverage.,False
63,Our,Our,False
64,relatlonshlps,relationships,True
65,Hlth,with,True
66,envlronmental,environmental,False
67,reorters,reporters,False
68,for,for,False
69,many,many,False
70,major,major,False
71,medla,media,False
72,were,were,False
73,further,further,False
74,"regard,","regard,",False
75,and,and,False
76,we,we,False
77,had,had,False
78,another,another,False
79,year,year,False
80,to,to,False
81,Increase,Increase,False
82,our,our,False
83,1ndustry's,industry's,True
84,credlblllty,credibility,True
85,Hlth,with,True
86,these,these,False
87,reporters.,reporters.,False
88,In,In,False
89,"addltlon,","addition,",True
90,all,all,False
91,of,of,False
92,our,our,False
93,sklns,skins,True
94,got,got,False
95,a,a,True
96,llttle,little,True
97,m:,bit,False
98,trucker,thicker,False
99,1n,in,False
100,as,as,False
101,the,the,False
102,1ndustry,industry,False
103,learned,learned,False
104,anew,anew,False
105,frustratlng,frustrating,False
106,part,part,False
107,of,of,False
108,all,all,False
109,of,of,False
110,our,our,False
111,Jobs.,Jobs.,False
112,A5,As,True
113,a,a,True
114,"result,","result,",False
115,our,our,False
116,collectlve,collective,False
117,that,that,False
118,1t's,it's,False
119,the,the,False
120,g,long,True
121,tam,term,False
122,results,results,False
123,that,that,False
124,count,count,False
125,1n,in,False
126,worklng,working,True
127,Hlth,with,True
128,the,the,False
129,press.,press.,False
130,publlc,public,False
131,opinion,opinion,False
132,rveys.,surveys.,False
133,I,I,True
134,won't,won't,False
135,go,go,False
136,1nto,into,False
137,all,all,False
138,the,the,False
139,"statlstlcs,","statistics,",True
140,but,but,False
141,I,I,True
142,trunk,think,False
143,a,a,True
144,few,few,False
145,trnds,trends,True
146,are,are,False
147,worth,worth,False
148,comment.,comment.,False
149,Accordlng,According,True
150,to,to,False
151,one,one,False
152,prestlglous,prestigious,True
153,natlonal,national,False
154,"survey,","survey,",False
155,the,the,False
156,publlc's,public's,True
157,Vlew,view,False
158,of,of,False
159,our,our,False
160,Industry,Industry,False
161,mproved,improved,False
162,measurably.,measurably.,False
163,Our,Our,False
164,approval,approval,False
165,ratlng,rating,False
166,1n,in,False
167,thls,this,True
168,survey,survey,False
169,Increased,Increased,False
170,by,by,True
171,about,about,False
172,percent,percent,False
173,durlng,during,False
174,1995.,1986.,True
175,"However,","However,",False
176,falrness,fairness,False
177,requlre,requires,False
178,me,me,False
179,to,to,False
180,polnt,point,False
181,out,out,False
182,that,that,False
183,we,we,False
184,started,started,False
185,the,the,False
186,year,year,False
187,dead,dead,False
188,last,last,False
189,among,among,False
190,"1nustr1es,","industries,",False
191,mm,with,True
192,a,a,True
193,ratlng,rating,False
194,so,so,False
195,low,low,False
196,that,that,False
197,any,any,False
198,luvprovement,improvement,False
199,woul,would,False
200,seem,seem,False
201,large,large,False
202,by,by,True
203,comparlson.,comparison.,False
204,Th1:,This,False
205,"unprovement,","improvement,",False
206,though,though,False
207,"sllght,","slight,",True
208,m-ved,moved,False
209,us,us,False
210,from,from,False
211,15th,15th,False
212,place,place,False
213,to,to,False
214,about,about,False
215,12th,12th,False
216,or,or,False
217,13th,13th,False
218,on,on,False
219,cm,CMA,True
220,the,the,False
221,1ndustry,industry,False
222,115-.,list.,True
223,We're,We're,False
224,above,above,False
225,the,the,False
226,alcohol,alcohol,False
227,and,and,False
228,nuclear,nuclear,False
229,power,power,False
230,1ndustr1es,industries,False
231,and,and,False
232,Vry,very,True
233,close,close,False
234,to,to,False
235,the,the,False
236,electrlc,electric,True
237,utility,utility,False
238,1ndustry.,industry.,True
239,Now,Now,False
240,our,our,False
241,standlng,standing,True
242,doe-n't,doesn't,True
243,begln,begin,False
244,to,to,False
245,compare,compare,False
246,mm,with,True
247,the,the,False
248,ratlngs,ratings,True
249,of,of,False
250,the,the,False
251,topirated,top-rated,False
252,computr,computer,False
253,1ndustry,industry,False
254,or,or,False
255,the,the,False
256,food,food,False
257,and,and,False
258,retalllng,retailing,True
259,1ndustr1es.,industries.,False
260,1t's,it's,False
261,been,been,False
262,Since,since,False
263,932.,1982.,True
264,That,That,False
265,has,has,False
266,to,to,False
267,quallfy,qualify,False
268,as,as,False
269,good,good,False
270,news.,news.,False
271,Th1:,This,False
272,survey,survey,False
273,showd,showed,False
274,two,two,False
275,other,other,False
276,ltems,items,False
277,of,of,False
278,speclal,special,False
279,1nterest.,interest.,False
280,"First,","First,",False
281,approval,approval,False
282,ratlng,rating,False
283,ma:,that,False
284,would,would,False
285,place,place,False
286,1:,it,True
287,at,at,False
288,about,about,False
289,5th,5th,False
290,place,place,False
291,on,on,False
292,the,the,False
293,lSilndustry,15-industry,False
294,115:,list.,True
295,Since,Since,False
296,many,many,False
297,of,of,False
298,the,the,False
299,companles,companies,False
300,here,here,False
301,today,today,False
302,have,have,False
303,some,some,False
304,1nterest,interest,False
305,1n,in,False
306,"plastlcs,","plastics,",True
307,thls,this,True
308,approval,approval,False
309,ratlng,rating,False
310,should,should,False
311,be,be,False
312,encouraglng.,encouraging.,True
313,"And,","And,",False
314,"secondly,","secondly,",True
315,t,the,True
316,e,oil,True
317,"1ndustry,","industry,",True
318,whlch,which,True
319,for,for,False
320,years,years,False
321,had,had,False
322,been,been,False
323,1n,in,False
324,the,the,False
325,publlc's,public's,True
326,doghousn,doghouse.,False
327,Improved,Improved,False
328,notlceably.,noticeably.,False
329,In,In,False
330,the,the,False
331,all,oil,False
332,guys,guys,False
333,all,all,False
334,the,the,False
335,way,way,False
336,up,up,False
337,(n,to,False
338,about,about,False
339,the,the,False
340,mddle,middle,False
341,of,of,False
342,the,the,False
343,1ndustr1es.,industries.,False
344,So,So,False
345,publlc's,public's,True
346,opinion,opinion,False
347,about,about,False
348,us,us,False
349,stayed,stayed,False
350,the,the,False
351,same,same,False
352,or,or,False
353,1mproved,improved,False
354,only,only,False
355,sllghtly.,slightly.,True
356,We,We,False
357,see,seem,False
358,to,to,False
359,be,be,False
360,reboundlng,rebounding,True
361,slowly,slowly,False
362,from,from,False
363,last,last,False
364,year's,year's,False
365,Yet,Yet,False
366,we,we,False
367,should,should,False
368,no,not,False
369,confuse,confuse,False
370,these,these,False
371,sllght,slight,True
372,unprovements,improvements,False
373,Hlth,with,True
374,any,any,False
375,lessemng,lessening,False
376,of,of,False
377,the,the,False
378,publlc's,public's,True
379,concern,concern,False
380,about,about,False
381,the,the,False
382,envlronment,environment,False
383,and,and,False
384,our,our,False
385,1ndustry.,industry.,True
386,place,place,False
387,envlronmenal,environmental,False
388,concerns,concerns,False
389,Very,very,False
390,high,high,False
391,among,among,False
392,thelr,their,False
393,"prlorltles,","priorities,",False
394,even,even,False
395,to,to,False
396,the,the,False
397,poln,point,False
398,of,of,False
399,preferrlng,preferring,True
400,the,the,False
401,envlronment,environment,False
402,over,over,False
403,jobs,jobs,False
404,or,or,False
405,hlgher,higher,False
406,prices,prices,False
407,wh-n,when,False
408,faced,faced,False
409,Hlth,with,True
410,a,a,True
411,cholce,choice,False
412,1n,in,False
413,the,the,False
414,surveys.,surveys.,False
415,The,The,False
416,publlc,public,False
417,contlues,continues,False
418,to,to,False
419,rank,rank,False
420,the,the,False
421,dlsposal,disposal,False
422,of,of,False
423,hazardous,hazardous,False
424,wastes,wastes,False
425,as,as,False
426,1::,its,True
427,number,number,False
428,one,one,False
429,evlronmental,environmental,False
430,concern,concern,False
431,and,and,False
432,alts:,cites,False
433,the,the,False
434,chemlcal,chemical,False
435,1ndustry,industry,False
436,conslstntly,consistently,True
437,as,as,False
438,the,the,False
439,country's,country's,True
440,prlmary,primary,False
441,source,source,False
442,of,of,False
443,air,air,False
444,and,and,False
445,water,water,False
446,pollutlon.,pollution.,False
447,Faced,Faced,False
448,Hlth,with,True
449,these,these,False
450,condltlons.,"conditions,",True
451,the,the,False
452,communlcatlons,communications,False
453,commlttee's,committee's,True
454,objectlves,objectives,False
455,reflet,reflect,False
456,our,our,False
457,enthuslasm,enthusiasm,False
458,to,to,False
459,support,support,False
460,CHA'S,CHA's,True
461,advocacy,advocacy,False
462,efforts,efforts,False
463,and,and,False
464,the,the,False
465,upportunlty,opportunity,False
466,m,to,True
467,parlay,parlay,False
468,these,these,False
469,"efforts,","efforts,",False
470,where,where,False
471,"posslblE,","possible,",True
472,1nto,into,False
473,proved,improved,False
474,communlcatlons,communications,False
475,Hlth,with,True
476,the,the,False
477,publlc,public,False
478,at,at,False
479,large.,large.,False
480,Headlng,Heading,False
481,our,our,False
482,projct,project,False
483,115:,list,True
484,for,for,False
485,Is,Is,False
486,the,the,False
487,followup,followup,False
488,on,on,False
489,our,our,False
490,CAER,CAER,False
491,plant,plant,False
492,that,that,False
493,hasn',hasn't,False
494,yet,yet,False
495,conducted,conducted,False
496,a,a,True
497,CAER,CAER,False
498,communlcatlons,communications,False
499,"actlvlty,","activity,",True
500,we,we,False
501,want,want,False
502,to,to,False
503,61nd,find,False
504,t,it,True
505,and,and,False
506,get,get,False
507,1:,it,True
508,on,on,False
509,track,track,False
510,Hlth,with,True
511,the,the,False
512,rest,rest,False
513,of,of,False
514,the,the,False
515,1ndustry.,industry.,True
516,cm,CMA,True
517,CARR,CAER,False
518,has,has,False
519,been,been,False
520,TH,THE,True
521,leadershlp,leadership,True
522,effort,effort,False
523,for,for,False
524,the,the,False
525,chemlcal,chemical,False
526,1ndustry,industry,False
527,durlng,during,False
528,thls,this,True
529,decawe,decade,False
530,and,and,False
531,we,we,False
532,must,must,False
533,not,not,False
534,let,let,False
535,1:,it,True
536,Hither,wither,False
537,W,--,True
538,elther,either,False
539,1n,in,False
540,an,an,False
541,operatlng,operating,False
542,or,or,False
543,a,a,True
544,cnmmunlcatlons,communications,False
545,sense.,sense.,False
546,The,The,False
547,commlttee's,committee's,True
548,greatest,greatest,False
549,fear,fear,False
550,1:,is,True
551,that,that,False
552,our,our,False
553,plant,plant,False
554,people,people,False
555,will,will,False
556,become,become,False
557,complacent,complacent,False
558,about,about,False
559,CAER,CAER,False
560,opportunlty,opportunity,False
561,to,to,False
562,dal,deal,False
563,from,from,False
564,strength,strength,False
565,1n,in,False
566,conductlng,conducting,True
567,our,our,False
568,future,future,False
569,the,the,False
570,commlttee,committee,True
571,an,and,False
572,cm,CMA,True
573,staff,staff,False
574,are,are,False
575,bulldlng,building,True
576,on,on,False
577,CAER'S,CAER's,True
578,success,success,False
579,1n,in,False
580,tackllng,tackling,True
581,the,the,False
582,1nd,industry's,False
583,stry's,two,True
584,two,upcoming,False
585,upcomlng,communications,False
586,communlcatlons,hurdles,False
587,hurdles,—,False
588,Superfund.,Superfund.,False
589,In,In,False
590,the,the,False
591,air,air,False
592,toxlc,toxics,False
593,"area,","area,",False
594,a,a,True
595,survey,survey,False
596,of,of,False
597,the,the,False
598,commlttee,committee,True
599,found,found,False
600,that,that,False
601,most,most,False
602,of,of,False
603,the,the,False
604,companles,companies,False
605,1ntend,intend,False
606,to,to,False
607,treat,treat,False
608,thelr,their,False
609,alr,air,False
610,toxlcs,toxics,False
611,communlcatlons,communications,False
612,as,as,False
613,an,an,False
614,extenslon,extension,False
615,.5,of,True
616,the,the,False
617,CARR,CAER,False
618,program.,program.,False
619,some,some,False
620,communlcatl-ns,communications,True
621,barrlers,barriers,False
622,that,that,False
623,are,are,False
624,qulte,quite,False
625,dlfferent,different,False
626,from,from,False
627,our,our,False
628,CARR,CAER,False
629,effort.,effort.,False
630,For,For,False
631,one,one,False
632,"thlng,","thing,",True
633,c,chemical,True
634,emlcal,plants,False
635,plants,in,False
636,1n,a,False
637,communlty,community,False
638,usually,usually,False
639,produce,produce,False
640,wldely,widely,False
641,dlfferlng,differing,False
642,product,product,False
643,slates.,slates.,False
644,So,So,False
645,whlle,while,False
646,one,one,False
647,plant,plant,False
648,can,can,False
649,boast,boast,False
650,to,to,False
651,the,the,False
652,local,local,False
653,medla,media,False
654,.bout,about,False
655,1::,its,True
656,relatlvely,relatively,False
657,clean,clean,False
658,products,products,False
659,and,and,False
660,lack,lack,False
661,of,of,False
662,toxlc,toxic,False
663,alr,air,False
664,"emlssl-ns,","emissions,",True
665,a,a,True
666,nelghborlng,neighboring,False
667,plant,plant,False
668,manager,manager,False
669,may,may,False
670,have,have,False
671,a,a,True
672,devll,devil,False
673,emlsslons,emissions,True
674,of,of,False
675,ms,his,True
676,hlghlyitoxlc,highly-toxlc,True
677,products.,products.,False
678,Remember,Remember,False
679,too,too,False
680,that,that,False
681,most,most,False
682,of,of,False
683,these,these,False
684,same,same,False
685,pl-nts,plants,True
686,worked,worked,False
687,closely,closely,False
688,together,together,False
689,1n,in,False
690,1ntroduc1ng,introducing,False
691,the,the,False
692,CARR,CAER,False
693,program,program,False
694,t-,to,False
695,the,the,False
696,communlty.,community.,True
697,The,The,False
698,unified,unified,False
699,local,local,False
700,approach,approach,False
701,that,that,False
702,worked,worked,False
703,so,so,False
704,well,well,False
705,um,with,False
706,the,the,False
707,CAER,CAER,False
708,program,program,False
709,also,also,False
710,could,could,False
711,suffer,suffer,False
712,when,when,False
713,dlfferent,different,False
714,plants,plants,False
715,are,are,False
716,at,at,False
717,dlfferent,different,False
718,stages,stages,False
719,of,of,False
720,unplementlng,implementing,True
721,thelr,their,False
722,alr,air,False
723,toxlcs,toxics,False
724,progr.ms.,programs.,True
725,reluctant,reluctant,False
726,to,to,False
727,be,be,False
728,.5,as,True
729,aggresslve,aggressive,False
730,1n,in,False
731,promotlng,promoting,False
732,the,the,False
733,air,air,False
734,toxlcs,toxics,False
735,lssue,issue,False
736,In,In,False
737,overcomlng,overcoming,False
738,th-se,these,False
739,"concerns,","concerns,",False
740,the,the,False
741,communlcatlons,communications,False
742,"commlttee,","committee,",True
743,cm,CMA,True
744,"staff,","staff,",False
745,and,and,False
746,your,your,False
747,local,local,False
748,managers,managers,False
749,will,will,False
750,carry,carry,False
751,out,out,False
752,a,a,True
753,comprehenslve,comprehensive,False
754,and,and,False
755,alr,air,False
756,toxlcs,toxics,False
757,comm,communications,False
758,leatlons,workshop,False
759,workshop,—,False
760,earller,earlier,False
761,thls,this,True
762,month,month,False
763,1n,in,False
764,Houston.,Houston.,False
765,1:,It,True
766,was,was,False
767,all,well,False
768,attended.,"attended,",False
769,Includlng,Including,False
770,many,many,False
771,plant,plant,False
772,"managers,","managers,",False
773,cautlous,cautious,False
774,1n,in,False
775,our,our,False
776,.pproach,approach,False
777,to,to,False
778,thls,this,True
779,communlcatlons,communications,False
780,"program,","program,",False
781,and,and,False
782,I,I,True
783,hope,hope,False
784,you,you,False
785,agree,agree,False
786,nth,with,True
787,our,our,False
788,thlnklng.,thinking.,True
789,cm,CMA,True
790,w,W,True
791,also,also,False
792,plan,plan,False
793,to,to,False
794,lid,build,False
795,on,on,False
796,the,the,False
797,CAER,CAER,False
798,communlcatlons,communications,False
799,success,success,False
800,In,In,False
801,helplng,helping,True
802,local,local,False
803,pl.nt,plant,True
804,people,people,False
805,cope,cope,False
806,mm,with,True
807,the,the,False
808,Tltle,Title,False
809,III,III,True
810,provlslon,provision,False
811,of,of,False
812,Superfund.,Superfund.,False
813,Thes-,These,False
814,provlslons,provisions,False
815,Hill,will,False
816,requlre,require,False
817,your,your,False
818,plants,plants,False
819,to,to,False
820,make,make,False
821,more,more,False
822,1nfomatlo,information,False
823,avaliable,available,False
824,about,about,False
825,your,your,False
826,products,products,False
827,and,and,False
828,processes,processes,False
829,than,than,False
830,1nformatlon,information,False
831,tak.,taken,False
832,out,out,False
833,of,of,False
834,context.,context.,False
835,The,The,False
836,commlttee,committee,True
837,has,has,False
838,formed,formed,False
839,a,a,True
840,communlcatlons,communications,False
841,~11cy,policy,True
842,1n,in,False
843,thls,this,True
844,area.,area.,False
845,state,state,False
846,chemlcal,chemical,False
847,"""unclls",councils,True
848,1n,in,False
849,unprovlng,improving,False
850,thelr,their,False
851,communlcatlons,communications,False
852,capabllltles.,capabilities.,True
853,W-‘Ve,We've,True
854,already,already,False
855,have,have,False
856,made,made,False
857,1mportant,important,False
858,progress,progress,False
859,1n,in,False
860,more,more,False
861,states,states,False
862,1n,in,False
863,Ie,the,True
864,future.,future.,False
865,Th1:,This,False
866,state*leve,state-level,False
867,actlvlty,activity,True
868,becomes,becomes,False
869,more,more,False
870,unportant,important,False
871,when,when,False
872,you,you,False
873,reallze,realize,False
874,to,to,False
875,many,many,False
876,other,other,False
877,ates.,states.,False
878,The,The,False
879,CICs,CICs,True
880,so,so,False
881,far,far,False
882,have,have,False
883,been,been,False
884,receptlve,receptive,False
885,to,to,False
886,our,our,False
887,help,help,False
888,and,and,False
889,we,we,False
890,pla,plan,False
891,m,to,True
892,contlnue,continue,False
893,thls,this,True
894,partnershlp.,partnership.,True
895,followlng,following,False
896,up,up,False
897,on,on,False
898,CARR,CAER,False
899,"communlcatlons,","communications,",False
900,extendlng,extending,True
901,our,our,False
902,communlcatlons,communications,False
903,actlvltles,activities,True
904,m,to,True
905,c-Ver,cover,False
906,the,the,False
907,air,air,False
908,toxlcs,toxics,False
909,and,and,False
910,Tltle,Title,False
911,III,III,True
912,"iSSuES,","issues,",True
913,and,and,False
914,worklng,working,True
915,Hlth,with,True
916,th-,the,False
917,CICs.,CICs.,True
918,These,These,False
919,objectlves,objectives,False
920,are,are,False
921,1n,in,False
922,"addltlon,","addition,",True
923,of,of,False
924,"course,","course,",False
925,to,to,False
926,our,our,False
927,.ngomg,ongoing,False
928,work,work,False
929,mm,with,True
930,other,other,False
931,commlttees,committees,True
932,Hlthln,within,True
933,CMA,CMA,False
934,m,to,True
935,provlde,provide,False
936,communl-atlons,communications,False
937,counsel,counsel,False
938,and,and,False
939,hands*on,hands-on,False
940,help,help,False
941,as,as,False
942,requlred.,required.,False
943,The,The,False
944,commlttee,committee,True
945,f-els,feels,False
946,that,that,False
947,these,these,False
948,goals,goals,False
949,are,are,False
950,achlevable,achievable,False
951,Hlth,with,True
952,current,current,False
953,manpower,manpower,False
954,and,and,False
955,mm,with,True
956,current,current,False
957,resources.,resources.,False
958,I,I,True
959,would,would,False
960,llke,like,False
961,to,to,False
962,close,close,False
963,mm,with,True
964,a,a,True
965,comment,comment,False
966,that,that,False
967,doesn't,doesn't,False
968,fall,fall,False
969,readlly,readily,False
970,1nto,into,False
971,our,our,False
972,normal,normal,False
973,communlcatlons,communications,False
974,toplcs.,topics.,True
975,The,The,False
976,commlttee,committee,True
977,f-els,feels,False
978,that,that,False
979,we,we,False
980,should,should,False
981,be,be,False
982,wary,wary,False
983,of,of,False
984,the,the,False
985,recent,recent,False
986,attacks,attacks,False
987,on,on,False
988,the,the,False
989,scicalle,so-called,False
990,"""corpocracy""","""corpocracy""",False
991,of,of,False
992,major,major,False
993,v.5.,U.S.,True
994,companles.,companies.,False
995,Whlle,While,False
996,1t's,it's,False
997,too,too,False
998,early,early,False
999,.9,to,True
1000,call,call,False
1001,thls,this,True
1002,a,a,True
1003,major,major,False
1004,"trend,","trend,",False
1005,there,there,False
1006,are,are,False
1007,a,a,True
1008,lot,lot,False
1009,of,of,False
1010,people,people,False
1011,cut,cut,False
1012,thern,"there,",False
1013,Includlng,Including,False
1014,some,some,False
1015,1n,in,False
1016,the,the,False
1017,current,current,False
1018,"admlnlstratlon,","administration,",True
1019,who,who,False
1020,may,may,False
1021,well,well,False
1022,be,be,False
1023,taklng,taking,False
1024,shots,shots,False
1025,at,at,False
1026,v.5.,U.S.,True
1027,busmessmen.,businessmen.,False
1028,Executlves,Executives,False
1029,soul,could,False
1030,be,be,False
1031,blamed,blamed,False
1032,for,for,False
1033,everythlng,everything,True
1034,from,from,False
1035,worklng,working,True
1036,too,too,False
1037,hard,hard,False
1038,organlzatlons,organizations,False
1039,t,to,True
1040,sacrlflclng,sacrificing,True
1041,the,the,False
1042,bluedzollar,blue-collar,False
1043,worker's,worker's,False
1044,future,future,False
1045,for,for,False
1046,Along,Along,False
1047,these,these,False
1048,"lln-s,","lines,",True
1049,GM,GM,True
1050,may,may,False
1051,be,be,False
1052,the,the,False
1053,flrst,first,True
1054,company,company,False
1055,to,to,False
1056,enter,enter,False
1057,thls,this,True
1058,Capabilities,capabilities,False
1059,of,of,False
1060,those,those,False
1061,managlng,managing,False
1062,the,the,False
1063,glant,giant,False
1064,auto,auto,False
1065,company.,company.,False
1066,cm,CMA,True
1067,mule,While,False
1068,GM,GM,True
1069,may,may,False
1070,be,be,False
1071,the,the,False
1072,"flrst,","first,",True
1073,we,we,False
1074,shouldn't,shouldn't,True
1075,be,be,False
1076,fooled,fooled,False
1077,1nto,into,False
1078,thlnklng,thinking,True
1079,all,all,False
1080,have,have,False
1081,m,to,True
1082,Hath,watch,False
1083,Very,very,False
1084,closely.,closely.,False
1085,In,In,False
1086,concluslon.,"conclusion,",False
1087,saw,saw,False
1088,the,the,False
1089,chemlcal,chemical,False
1090,1ndustry's,industry's,True
1091,reputatlon,reputation,False
1092,mm,with,True
1093,the,the,False
1094,publlc,public,False
1095,1mprmve,improve,True
1096,for,for,False
1097,the,the,False
1098,flrst,first,True
1099,time,time,False
1100,1n,in,False
1101,several,several,False
1102,years.,years.,False
1103,Th1:,This,False
1104,uptlck,uptick,True
1105,dld,did,True
1106,not,not,False
1107,ome,come,False
1108,about,about,False
1109,by,by,True
1110,accldent.,accident.,False
1111,1:,It,True
1112,occurred,occurred,False
1113,because,because,False
1114,we,we,False
1115,operated,operated,False
1116,safely,"safely,",False
1117,moved,moved,False
1118,aggresslvely,aggressively,False
1119,to,to,False
1120,meet,meet,False
1121,the,the,False
1122,publlc's,public's,True
1123,legltlmate,legitimate,True
1124,conc-rns,concerns,True
1125,about,about,False
1126,our,our,False
1127,"operatlons,","operations,",False
1128,and,and,False
1129,took,took,False
1130,the,the,False
1131,tune,time,False
1132,to,to,False
1133,tell,tell,False
1134,people,people,False
1135,wha-,what,False
1136,we,we,False
1137,were,were,False
1138,dolng.,doing.,False
1139,Through,Through,False
1140,CARR,CAER,False
1141,an,and,False
1142,other,other,False
1143,programs,programs,False
1144,we,we,False
1145,showed,showed,False
1146,a,a,True
1147,lot,lot,False
1148,of,of,False
1149,confldence,confidence,False
1150,1n,in,False
1151,the,the,False
1152,Amerlcan,American,False
1153,pulls,public,False
1154,last,last,False
1155,year.,year.,False
1156,Maybe,Maybe,False
1157,they're,they're,False
1158,beglnnlng,beginning,True
1159,to,to,False
1160,return,return,False
1161,that,that,False
1162,confldence,confidence.,False
1163,I,I,True
1164,hope,hope,False
1165,so.,so.,False
1166,We,We,False
1167,look,look,False
1168,forward,forward,False
1169,to,to,False
1170,earnlng,earning,True
1171,your,your,False
1172,contlnued,continued,False
1173,support,support,False
1174,throughout,throughout,False
1175,1997.,1987.,True
1176,I,I,True
1177,Will,will,False
1178,be,be,False
1179,pleased,pleased,False
1180,to,to,False
1181,try,try,True
1182,to,to,False
1183,answer,answer,False
1184,any,any,False
1185,questlons,questions,False
1186,you,you,False
1187,mlght,might,True
1188,have,have,False
1189,about,about,False
1190,the,the,False
1191,ommunlcatlons,communications,False
1192,commlttee,committee,True
1193,and,and,False
1194,our,our,False
1195,plans.,plans.,False
1196,cm,CMA,True
1197,cm,CMA,True
1198,exhlblt,exhibit,True
1199,m,m,True
1200,"annum,","annum,",False
1201,report,report,False
1202,or,or,False
1203,THE,THE,False
1204,PATENT,PATENT,False
1205,AND,AND,False
1206,'ADEMARK,TRADEMARK,True
1207,COMMITTEE,COMMITTEE,False
1208,JANUARY,JANUARY,False
1209,"27,","27,",True
1210,EXECUTIVE,EXECUTIVE,False
1211,summy,SUMMARY,False
1212,"""the","""the",False
1213,"Commlttee""","Committee""),",True
1214,has,has,False
1215,been,been,False
1216,an,an,False
1217,1nstrumental,instrumental,True
1218,Volce,voice,False
1219,1n,in,False
1220,provldlng,providing,True
1221,1ndustry,industry,False
1222,pollcles,policies,False
1223,at,at,False
1224,horn,home,False
1225,and,and,False
1226,abroad.,abroad.,False
1227,The,The,False
1228,PATC,PATC,False
1229,has,has,False
1230,also,also,False
1231,advocated,advocated,False
1232,CMA,CMA,False
1233,posltlons,positions,False
1234,dlrectly,directly,False
1235,mm,with,True
1236,f-relgn,foreign,False
1237,"authorltles,","authorities,",False
1238,as,as,False
1239,"approprlate,","appropriate,",False
1240,and,and,False
1241,mm,with,True
1242,other,other,False
1243,domestlc,domestic,False
1244,Durlng,During,False
1245,the,the,False
1246,past,past,False
1247,"year,","year,",False
1248,"am,","CMA,",False
1249,through,through,False
1250,the,the,False
1251,"PATC,","PATC,",True
1252,has,has,False
1253,obtalned,obtained,False
1254,1ncreased,increased,False
1255,Visibility,visibility,False
1256,and,and,False
1257,aspect,respect,False
1258,1n,in,False
1259,the,the,False
1260,1ndustrlal,industrial,False
1261,property,property,False
1262,rlghts,rights,True
1263,area.,area.,False
1264,negotlatlons.,negotiations.,False
1265,patent,patent,False
1266,"pollcy,","policy,",True
1267,-nd,and,False
1268,amendments,amendments,False
1269,to,to,False
1270,Sectlon,Section,False
1271,of,of,False
1272,the,the,False
1273,Tarlff,Tariff,False
1274,Act,Act,False
1275,of,of,False
1276,"1930,","1930,",True
1277,as,as,False
1278,amended.,amended.,False
1279,In,In,False
1280,addltlon,addition,True
1281,to,to,False
1282,.dvocacy,advocacy,False
1283,efforts,efforts,False
1284,on,on,False
1285,"leglslatlon,","legislation,",False
1286,the,the,False
1287,Commlttee,Committee,True
1288,prepared,prepared,False
1289,Hrltte,written,True
1290,comments,comments,False
1291,for,for,False
1292,submlsslon,submission,True
1293,by,by,True
1294,cm,CMA,True
1295,on,on,False
1296,a,a,True
1297,number,number,False
1298,of,of,False
1299,regulatory,regulatory,False
1300,and,and,False
1301,1nternatlon-l,international,False
1302,lssues.,issues.,False
1303,1nvest1gatlons,investigations,False
1304,.nd,and,False
1305,1nfomatlonigather1ng,information-gathering,False
1306,actlvltles,activities,True
1307,on,on,False
1308,the,the,False
1309,1nternatlonal,international,False
1310,protectlon,protection,False
1311,of,of,False
1312,dustrlal,industrial,False
1313,property,property,False
1314,rlghts,rights,True
1315,and,and,False
1316,advlsed,advised,False
1317,the,the,False
1318,CMA,CMA,False
1319,Internatlonal,International,False
1320,Trade,Trade,False
1321,Commlttee,Committee,True
1322,on,on,False
1323,the,the,False
1324,approprlate,appropriate,False
1325,role,role,False
1326,of,of,False
1327,thls,this,True
1328,subject,subject,False
1329,1n,in,False
1330,the,the,False
1331,new,new,False
1332,Round,Round,False
1333,of,of,False
1334,Multllateral,Multilateral,False
1335,Tr.de,Trade,False
1336,Negotlatlons.,Negotiations.,False
1337,In,In,False
1338,all,all,False
1339,these,these,False
1340,"foums,","forums,",False
1341,the,the,False
1342,Commlttee,Committee,True
1343,has,has,False
1344,stressed,stressed,False
1345,the,the,False
1346,1mortance,importance,False
1347,of,of,False
1348,strengthened,strengthened,False
1349,patent,patent,False
1350,protectlon,protection,False
1351,to,to,False
1352,v.5.,U.S.,True
1353,technologlcal,technological,False
1354,"avancement,","advancement,",False
1355,contlnued,continued,False
1356,economc,economic,False
1357,"recovery,","recovery,",False
1358,and,and,False
1359,productlvlty.,productivity.,True
1360,The,The,False
1361,PATC,PATC,False
1362,also,also,False
1363,played,played,False
1364,an,an,False
1365,1mportant,important,False
1366,communlcatlons,communications,False
1367,role,role,False
1368,1n,in,False
1369,1n,in,False
1370,keeplng,keeping,False
1371,CMA'S,CMA's,True
1372,m-mber,member,False
1373,companles,companies,False
1374,apprlsed,apprised,True
1375,of,of,False
1376,developments,developments,False
1377,on,on,False
1378,1ndustrlal,industrial,False
1379,property,property,False
1380,rlghts,rights,True
1381,lssues.,issues.,False
1382,The,The,False
1383,Commlttee,Committee,True
1384,communlcated,communicated,False
1385,mm,with,True
1386,the,the,False
1387,Board,Board,False
1388,of,of,False
1389,Dlrectors,Directors,False
1390,and,and,False
1391,m-mber,member,False
1392,companles,companies,False
1393,on,on,False
1394,a,a,True
1395,number,number,False
1396,of,of,False
1397,patent,patent,False
1398,lssues,issues,False
1399,through,through,False
1400,mechanlsms,mechanisms,True
1401,such,such,False
1402,as,as,False
1403,Actlon,Action,False
1404,Advlsorles.,"Advisories,",False
1405,other,other,False
1406,cm,CMA,True
1407,"reports,","reports,",False
1408,and,and,False
1409,newsletters.,newsletters.,False
1410,By,By,True
1411,playlng,playing,False
1412,thls,this,True
1413,colmnunlcatlons,coimnunications,False
1414,role.,"role,",False
1415,the,the,False
1416,Commlttee,Committee,True
1417,not,not,False
1418,only,only,False
1419,dlssemlnated,disseminated,False
1420,1nformatlon,information,False
1421,to,to,False
1422,ember,member,False
1423,"companles,","companies,",False
1424,but,but,False
1425,also,also,False
1426,became,became,False
1427,1nfomed,informed,False
1428,on,on,False
1429,the,the,False
1430,posltlons,positions,False
1431,of,of,False
1432,the,the,False
1433,members,members,False
1434,-n,on,False
1435,patent,patent,False
1436,lssues.,issues.,False
1437,The,The,False
1438,"Commlttee,","Committee,",True
1439,1n,in,False
1440,"turn,","turn,",False
1441,was,was,False
1442,then,then,False
1443,better,better,False
1444,technlcal,technical,True
1445,or,or,False
1446,leal.,legal.,False
1447,ertten,Written,False
1448,comnents,comnents,False
1449,were,were,False
1450,prepared,prepared,False
1451,and,and,False
1452,advocacy,advocacy,False
1453,actlvltles,activities,True
1454,carrled,carried,False
1455,out,out,False
1456,by,by,True
1457,ommlttee,Committee,True
1458,"members,","members,",False
1459,other,other,False
1460,deslgnated,designated,False
1461,CMA,CMA,False
1462,member,member,False
1463,company,company,False
1464,"representatlves,","representatives,",False
1465,and,and,False
1466,CMA,CMA,False
1467,staff.,staff.,False
1468,We,We,False
1469,also,also,False
1470,do,do,False
1471,not,not,False
1472,antlelpate,anticipate,False
1473,any,any,False
1474,major,major,False
1475,cm,CMA,True
1476,cm,CMA,True
1477,EXHIBIT,EXHIBIT,False
1478,N,N,True
1479,PURPOSE,PURPOSE,False
1480,OF,OF,False
1481,EXE,EXECUTIVE,False
1482,TIVE,COMMITTEE,False
1483,COMMITTEE,AND,False
1484,AND,BOARD,False
1485,13mm:,OF,True
1486,ummmns,DIRECTORS,True
1487,REVIEW,REVIEW,False
1488,The,The,False
1489,Envlronmental,Environmental,False
1490,Management,Management,False
1491,Conmlttee's,Conmittee's,True
1492,(Ema),(EMC),False
1493,Ad,Ad,False
1494,Hoc,Hoc,False
1495,Task,Task,False
1496,Group,Group,False
1497,on,on,False
1498,Waste,Waste,False
1499,Mlnlmlzatlon,Minimization,True
1500,presented,presented,False
1501,a,a,True
1502,status,status,False
1503,report,report,False
1504,descrlblng,describing,True
1505,the,the,False
1506,waste,vaste,False
1507,mlnlmlzatlon,minimization,True
1508,lssue's,issue's,False
1509,1mportance,importance,False
1510,and,and,False
1511,a,a,True
1512,posslble,possible,True
1513,CMA,CMA,False
1514,program,program,False
1515,at,at,False
1516,the,the,False
1517,m,to,True
1518,obtaln,obtain,False
1519,appr-Val,approval,True
1520,of,of,False
1521,a,a,True
1522,recommended,recommended,False
1523,CMA,CMA,False
1524,program.,program.,False
1525,BACKGROUND,BACKGROUND,False
1526,(RCRA7,(RCRA),True
1527,requlre,require,False
1528,companles,companies,False
1529,to,to,False
1530,establlsh,establish,True
1531,Voluntary,voluntary,False
1532,waste,waste,False
1533,mlnlmlzatlon,minimization,True
1534,programs,programs,False
1535,and,and,False
1536,c-rtlfy,certify,True
1537,actlons.,actions.,False
1538,Several,Several,False
1539,states,states,False
1540,have,have,False
1541,1n,in,False
1542,place,place,False
1543,or,or,False
1544,are,are,False
1545,mlnlmlzatlon,minimization,True
1546,enforts,efforts,False
1547,are,are,False
1548,also,also,False
1549,bemg,being,False
1550,scrutlnlzed,scrutinized,True
1551,when,when,False
1552,pemlts,permits,False
1553,for,for,False
1554,waste,waste,False
1555,facllltl-s,facilities,True
1556,are,are,False
1557,requested.,requested.,False
1558,Alternatlves,Alternatives,False
1559,for,for,False
1560,stronger,stronger,False
1561,federal,federal,False
1562,actlon,action,False
1563,are,are,False
1564,dlsussed,discussed,False
1565,1n,in,False
1566,recent,recent,False
1567,reports,reports,False
1568,to,to,False
1569,Congress,Congress,False
1570,by,by,True
1571,the,the,False
1572,Offlce,Office,False
1573,of,of,False
1574,Technology,Technology,False
1575,Ass-ssment,Assessment,True
1576,and,and,False
1577,EPA.,EPA.,True
1578,Applying,Applying,False
1579,greater,greater,False
1580,pressure,pressure,False
1581,to,to,False
1582,force,force,False
1583,zero,zero,False
1584,dlscharge,discharge,True
1585,and,and,False
1586,opposltlon,opposition,False
1587,to,to,False
1588,51mm;,siting,True
1589,new,new,False
1590,treatment,treatment,False
1591,and,and,False
1592,dlsposal,disposal,False
1593,facilities.,facilities.,False
1594,mlnlmlzatlon,minimization,True
1595,pograms,programs,False
1596,Will,will,False
1597,be,be,False
1598,evaluated,evaluated,False
1599,by,by,True
1600,Congress,Congress,False
1601,1n,in,False
1602,hearlngs,hearings,True
1603,beglnnlng,beginning,True
1604,1n,in,False
1605,1-37.,1987.,True
1606,If,If,False
1607,1ndustry,industry,False
1608,cannot,cannot,False
1609,demonstrate,demonstrate,False
1610,sufflclent,sufficient,True
1611,adopt,adopt,False
1612,extreme,extreme,False
1613,.mendments,amendments,False
1614,as,as,False
1615,part,part,False
1616,of,of,False
1617,RCRA'S,RCRA's,True
1618,reauthorlzatlon,reauthorization,False
1619,whlch,which,True
1620,1:,is,True
1621,Scheduled,scheduled,False
1622,1n,in,False
1623,1-39.,1988.,True
1624,The,The,False
1625,amendments,amendments,False
1626,could,could,False
1627,1nclude,include,False
1628,such,such,False
1629,undeslrable,undesirable,False
1630,process,process,False
1631,"restrl-tlons,","restrictions,",True
1632,and,and,False
1633,outslde,outside,False
1634,audlts.,audits.,True
1635,Companles,Companies,False
1636,are,are,False
1637,.lready,already,False
1638,confronted,confronted,False
1639,Hlth,with,True
1640,1ncreaslng,increasing,False
1641,costs,costs,False
1642,of,of,False
1643,waste,vaste,False
1644,dlsposal,disposal,False
1645,as,as,False
1646,E?,EPA,True
1647,expands,expands,False
1648,the,the,False
1649,scope,scope,False
1650,of,of,False
1651,wastes,wastes,False
1652,regulated,regulated,False
1653,as,as,False
1654,hazardous,hazardous,False
1655,under,under,False
1656,RCRA.,"RCRA,",True
1657,laments,implements,False
1658,further,further,False
1659,land,land,False
1660,dlsposal,disposal,False
1661,pretreatment,pretreatment,False
1662,requlrements.,"requirements,",False
1663,.nd,and,False
1664,further,further,False
1665,tlghtens,tightens,True
1666,controls,controls,False
1667,over,over,False
1668,waste,waste,False
1669,management,management,False
1670,practlces.,practices.,False
1671,Man,Many,False
1672,companles,companies,False
1673,have,have,False
1674,slgnlflcantly,significantly,True
1675,reduced,reduced,False
1676,thelr,their,False
1677,waste.,waste.,False
1678,demonstrate,demonstrate,False
1679,1nustryw1de,industrywide,True
1680,"progress,","progress,",False
1681,and,and,False
1682,F.?A's,F.PA's,True
1683,programs,programs,False
1684,are,are,False
1685,under,under,False
1686,attack.,attack.,False
1687,III.,III.,True
1688,TIMING,TIMING,False
1689,reauthorlzatlo,reauthorization.,False
1690,mlnlmlzatlon,minimization,True
1691,pograms,programs,False
1692,and,and,False
1693,data,data,False
1694,bases,bases,False
1695,1n,in,False
1696,"1937,","1987,",True
1697,whlch,which,True
1698,1:,it,True
1699,must,must,False
1700,do,do,False
1701,to,to,False
1702,reduce,reduce,False
1703,Congres-lonal,Congressional,False
1704,overslght,oversight,True
1705,pressures.,pressures.,False
1706,CMA,CMA,False
1707,needs,needs,False
1708,to,to,False
1709,start,start,False
1710,1::,its,True
1711,program,program,False
1712,early,early,False
1713,n,in,True
1714,to,to,False
1715,provlde,provide,False
1716,asslstance,assistance,True
1717,to,to,False
1718,EPA,EPA,False
1719,and,and,False
1720,to,to,False
1721,develop,develop,False
1722,an,an,False
1723,establlshlng,establishing,True
1724,a,a,True
1725,program,program,False
1726,and,and,False
1727,data,data,False
1728,base,base,False
1729,"early,","early,",False
1730,cm,CMA,True
1731,Will,will,False
1732,be,be,False
1733,1n,in,False
1734,the,the,False
1735,best,best,False
1736,cm,CMA,True
1737,pnoposw,PROPOSED,False
1738,WASTE,WASTE,False
1739,MINIMIZATIDN,MINIMIZATION,False
1740,woman,PROGRAM,False
1741,oh,Ob,False
1742,actlve,active,False
1743,nform,Inform,False
1744,and,and,False
1745,asslse,assise,False
1746,member,member,False
1747,companles,companies,False
1748,1n,in,False
1749,reduclng,reducing,False
1750,wastes,wastes,False
1751,at,at,False
1752,the,the,False
1753,"sourCE,","source,",False
1754,1ncreaslng,increasing,False
1755,"recycle,","recycle,",False
1756,and,and,False
1757,reduclng,reducing,False
1758,dlsposal,disposal,False
1759,rlsks.,risks.,True
1760,o,o,True
1761,avoiding,avoiding,False
1762,oneros,onerous,False
1763,leglslatlon,legislation,False
1764,that,that,False
1765,mandates,mandates,False
1766,waste,waste,False
1767,reductlon;,reduction;,False
1768,o,o,True
1769,limiting,limiting,False
1770,dlspoal,disposal,False
1771,costs,costs,False
1772,and,and,False
1773,future,future,False
1774,cleanup,cleanup,False
1775,llablllty;,liability;,True
1776,and,and,False
1777,o,o,True
1778,Proposed,Proposed,False
1779,CMA,CMA,False
1780,P-sltlon,Position,True
1781,on,on,False
1782,Waste,Waste,False
1783,Mlnlmlzatlon,Minimization,True
1784,member,member,False
1785,companls,companies,False
1786,have,have,False
1787,programs,programs,False
1788,1n,in,False
1789,place,place,False
1790,that,that,False
1791,have,have,False
1792,resulted,resulted,False
1793,1n,in,False
1794,achleve,achieve,False
1795,furthe,further,False
1796,"progress,","progress,",False
1797,1nd1v1dual,individual,True
1798,companles,companies,False
1799,are,are,False
1800,encouraged,encouraged,False
1801,to,to,False
1802,opportunltles,opportunities,False
1803,hat,that,False
1804,exlst,exist,False
1805,1n,in,False
1806,thelr,their,False
1807,operatlons.,operations.,False
1808,am,CMA,False
1809,will,will,False
1810,1nfom,inform,False
1811,and,and,False
1812,Actlvltles,Activities,True
1813,An,An,False
1814,1ndustry,industry,False
1815,pr-gram,program,True
1816,to,to,False
1817,promote,promote,False
1818,and,and,False
1819,55515:,assist,True
1820,member,member,False
1821,companles,companies,False
1822,1n,in,False
1823,developmg,developing,False
1824,and,and,False
1825,carrylng,carrying,True
1826,out,out,False
1827,waste,waste,False
1828,mlnlmlzatlon,minimization,True
1829,programs,programs,False
1830,"(1.e.,","(i.e.,",True
1831,"workshops,","workshops,",False
1832,res-urce,resource,False
1833,"manuals,","manuals,",False
1834,"newsletter,","newsletter,",False
1835,and,and,False
1836,swards,swards,False
1837,program.,program).,False
1838,Leglslatlve,Legislative,False
1839,an,and,False
1840,regulatory,regulatory,False
1841,advocacy,advocacy,False
1842,support,support,False
1843,to,to,False
1844,address,address,False
1845,waste,waste,False
1846,mlnlmlzatlon,minimization,True
1847,lsues,issues,False
1848,before,before,False
1849,Congress,Congress,False
1850,and,and,False
1851,EPA.,EPA.,True
1852,Measurement,Measurement,False
1853,of,of,False
1854,waste,waste,False
1855,mlnlmlzatlon,minimization,True
1856,progress,progress,False
1857,1n,in,False
1858,order,order,False
1859,to,to,False
1860,document,document,False
1861,progress,progress,False
1862,11.?,"(i.e-,",True
1863,unlfom,uniform,False
1864,deflnltlons,definitions,True
1865,of,of,False
1866,key,key,False
1867,"terms,","terms,",False
1868,deflnltlon,definition,True
1869,of,of,False
1870,measurement,measurement,False
1871,neds.,"needs,",False
1872,evaluatlon,evaluation,False
1873,of,of,False
1874,exlstlng,existing,True
1875,data,data,False
1876,systems,systems,False
1877,and,and,False
1878,o,o,True
1879,Communlcatlons,Communications,False
1880,of,of,False
1881,member,member,False
1882,company,company,False
1883,and,and,False
1884,1ndustry,industry,False
1885,waste,waste,False
1886,development,development,False
1887,of,of,False
1888,a,a,True
1889,strategy,strategy,False
1890,to,to,False
1891,effectlvely,effectively,False
1892,communlcate,communicate,False
1893,1ndustryw1de,industrywide,True
1894,d,and,True
1895,anecdotal,anecdotal,False
1896,1nformatlon,information,False
1897,to,to,False
1898,targeted,targeted,False
1899,audlences,audiences,False
1900,on,on,False
1901,a,a,True
1902,contlnulng,continuing,False
1903,b.5157.,basis).,True
1904,Further,Further,False
1905,cm,CMA,True
1906,pr-grammatlc,programmatic,True
1907,"actlon,","action,",False
1908,"1.e.,","i.e.,",True
1909,establlshlng,establishing,True
1910,percentage,percentage,False
1911,reductlon,reduction,False
1912,goal,goals,False
1913,slmllar,similar,True
1914,m,to,True
1915,CMA'S,CMA's,True
1916,snsrgy,snsrgy,True
1917,conservatlon,conservation,False
1918,program,program,False
1919,or,or,False
1920,luvplementatlo,implementation,False
1921,"steps,","steps,",False
1922,may,may,False
1923,ha,ba,False
1924,consldered,considered,False
1925,and,and,False
1926,recommended,recommended,False
1927,1n,in,False
1928,the,the,False
1929,future,future,False
1930,to,to,False
1931,the,the,False
1932,xecutlve,Executive,False
1933,Comlttee,Comittee,False
1934,and,and,False
1935,Board,Board,False
1936,of,of,False
1937,Dlrectors,Directors,False
1938,on,on,False
1939,an,an,False
1940,as,as,False
1941,needed,needed,False
1942,basls.,basis.,False
1943,cm,CMA,True
1944,RESAHJ'KCE,RES^HJKCE,True
1945,NEE!,NEEDS,True
1946,To,To,False
1947,support,support,False
1948,th-,the,False
1949,four,four,False
1950,actlvltles,activities,True
1951,noted,noted,False
1952,"above,","above,",False
1953,a,a,True
1954,portlon,portion,False
1955,of,of,False
1956,a,a,True
1957,professlonal,professional,False
1958,-rson,person,False
1959,and,and,False
1960,some,some,False
1961,support,support,False
1962,staff,staff,False
1963,time,time,False
1964,Will,will,False
1965,be,be,False
1966,necessary.,necessary.,False
1967,A,A,True
1968,-quest,request,False
1969,for,for,False
1970,the,the,False
1971,necessary,necessary,False
1972,personnel,personnel,False
1973,1:,is,True
1974,belng,being,False
1975,Dutslde,Outside,False
1976,Purch.sed,Purchased,True
1977,Servlces,Services,False
1978,Impact,Impact,False
1979,The,The,False
1980,EMC,EMC,False
1981,has,has,False
1982,r-comended,recomended,False
1983,$ADK,$A0K,True
1984,fundlng,funding,True
1985,for,for,False
1986,outslde,outside,False
1987,purchased,purchased,False
1988,servlces,services,False
1989,as,as,False
1990,p.rt,part,False
1991,of,of,False
1992,thelr,their,False
1993,FT,FT,True
1994,97/99,87/88,True
1995,budget,budget,False
1996,proposals.,proposals.,False
1997,Member,Member,False
1998,Compan,Company,False
1999,Resources,Resources,False
2000,Impact,Impact,False
2001,Approxlmately,Approximately,False
2002,m,to,True
2003,member,member,False
2004,company,company,False
2005,Volunteers,volunteers,False
2006,will,will,False
2007,be,be,False
2008,needed,needed,False
2009,to,to,False
2010,carry,carry,False
2011,thls,this,True
2012,effort,effort,False
2013,forward,forward,False
2014,through,through,False
2015,deslgn,design,False
2016,and,and,False
2017,unplementatlon.,implementation.,False
2018,mcommmnm,RECOMMENDATION,True
2019,The,The,False
2020,EMC,EMC,False
2021,recoasends,recoassends,False
2022,approval,approval,False
2023,of,of,False
2024,CMA,CMA,False
2025,unplementlng,implementing,True
2026,a,a,True
2027,new,new,False
2028,waste,waste,False
2029,mlnlmlzatlon,minimization,True
2030,rogram.,program.,False
2031,v11.,VII.,False
2032,ACTION,ACTION,False
2033,Rmvmm,REQUIRED,True
2034,cm,CMA,True
2035,cm,CMA,True
2036,EXHIBIT,EXHIBIT,False
2037,CONCEPTS,CONCEPTS,False
2038,TOR,TOR,False
2039,magma,FEDERAL,False
2040,cnoumuwnmz,GROUNDWATER,False
2041,LEGKSTATIDN,LEG!STATION,False
2042,1.,I.,True
2043,Background,Background,False
2044,C1.t1.2an5,Ci.ti.2ans,True
2045,an,and,False
2046,publlc,public,False
2047,offlclals,officials,True
2048,um,vitw,False
2049,groundwater,groundwater,False
2050,contamlnatlon,contamination,False
2051,as,as,False
2052,a,a,True
2053,issue,issue,False
2054,almed,aimed,False
2055,a.,at,False
2056,commerclal,commercial,False
2057,and,and,False
2058,1ndustrlal,industrial,False
2059,sources.,sources.,False
2060,Several,Several,False
2061,feder.l,federal,False
2062,groundwater,groundwater,False
2063,"mus,","bills,",False
2064,1ntroduced,introduced,False
2065,1n,in,False
2066,the,the,False
2067,94th,94th,False
2068,"Congress,","Congress,",False
2069,will,will,False
2070,serve,serve,False
2071,to,to,False
2072,focus,focus,False
2073,future,future,False
2074,groundwater,groundwater,False
2075,debates.,debates.,False
2076,Senator,Senator,False
2077,Purenberger,Purenberger,False
2078,federal,federal,False
2079,grounwater,groundwater,False
2080,mu,bill,False
2081,early,early,False
2082,1n,in,False
2083,tha,tha,False
2084,100th,100th,True
2085,Congress.,Congress.,False
2086,Slmllar,Similar,True
2087,mus,bills,False
2088,Will,will,False
2089,be,be,False
2090,1ntroduced,introduced,False
2091,1n,in,False
2092,the,the,False
2093,House.,House.,False
2094,Groundwater,Groundwater,False
2095,leglslatlon,legislation,False
2096,could,could,False
2097,unposa,imposa,False
2098,product,product,False
2099,usa,usa,False
2100,restrlctlns,restrictions,True
2101,"(e.g.,","(e.g.,",True
2102,"pestlcldes,","pesticides,",True
2103,"detergents,","detergents,",False
2104,"solvents),","solvents),",True
2105,requlre,require,False
2106,addltlonal,additional,True
2107,prtectlon,protection,False
2108,or,or,False
2109,remedlatlon,remediation,False
2110,"actlvltles,","activities,",True
2111,and,and,False
2112,1ntroduce,introduce,False
2113,onerous,onerous,False
2114,Many,Many,False
2115,states,states,False
2116,h.ve,have,False
2117,or,or,False
2118,are,are,False
2119,enactlng,enacting,True
2120,groundwater,groundwater,False
2121,leglslatlon,legislation,False
2122,and,and,False
2123,are,are,False
2124,unplementlng,implementing,True
2125,roundwater,groundwater,False
2126,management,management,False
2127,programs.,programs.,False
2128,State,State,False
2129,efforts,efforts,False
2130,may,may,False
2131,establlsh,establish,True
2132,tha,tha,False
2133,need,need,False
2134,for,for,False
2135,star,water,False
2136,usa,usa,False
2137,"restrlctlons,","restrictions,",True
2138,land,land,False
2139,usa,usa,False
2140,plannlng,planning,True
2141,"declslons,","decisions,",False
2142,new,new,False
2143,Vlctlm,victim,True
2144,compen-atlon,compensation,False
2145,"concerns,","concerns,",False
2146,and,and,False
2147,51te*speclflc,site-specific,True
2148,regulatory,regulatory,False
2149,frameworks,frameworks,False
2150,whlch,which,True
2151,could,could,False
2152,in,be,False
2153,tlma/cost,tima/cost,False
2154,consumlng.,consuming.,True
2155,establlsh,establish,True
2156,proosed,proposed,False
2157,CMA,CMA,False
2158,federal,federal,False
2159,leglslatlve,legislative,False
2160,concepts,concepts,False
2161,and,and,False
2162,a,a,True
2163,leglslatlve,legislative,False
2164,strategy,strategy,False
2165,for,for,False
2166,artlclpatlon,participation,True
2167,1n,in,False
2168,tha,tha,False
2169,federal,federal,False
2170,groundwater,groundwater,False
2171,debate.,debate.,False
2172,vsmg,Using,True
2173,these,these,False
2174,"concepts,","concepts,",False
2175,am,CMA,False
2176,will,will,False
2177,strlve,strive,True
2178,m,to,True
2179,1nfluence,influence,False
2180,tha,tha,False
2181,Congresslonal,Congressional,False
2182,groundwater,groundwater,False
2183,debate,debate,False
2184,so,so,False
2185,tha,that,False
2186,any,any,False
2187,leglslatlon,legislation,False
2188,enacted,enacted,False
2189,resembles,resembles,False
2190,CMA'S,CMA's,True
2191,posltlon,position,False
2192,as,as,False
2193,closely,closely,False
2194,actlvaly,activaly,False
2195,1n,in,False
2196,te,the,False
2197,federal,federal,False
2198,groundwater,groundwater,False
2199,debate,debate,False
2200,durlng,during,False
2201,the,the,False
2202,100th,100th,True
2203,Congress.,Congress.,False
2204,Early,Early,False
2205,partlclatlon,participation,True
2206,1n,in,False
2207,tha,tha,False
2208,debate,debate,False
2209,will,will,False
2210,hal'p,hal'p,False
2211,CMA,CMA,False
2212,focus,focus,False
2213,the,the,False
2214,emerglng,emerging,True
2215,dlscusslons,discussions,False
2216,ad,and,False
2217,will,will,False
2218,1dentlfy,identify,True
2219,CMA,CMA,False
2220,as,aa,False
2221,an,an,False
2222,1nvolved,involved,False
2223,knowledgeable,knowledgeable,False
2224,party.,party.,False
2225,II.,II.,True
2226,Slmary,Simary,False
2227,of,of,False
2228,CMA'S,CMA's,True
2229,Concepts,Concepts,False
2230,for,for,False
2231,Federal,Federal,False
2232,Groundwater,Groundwater,False
2233,Leglslatlon,Legislation,False
2234,m,to,True
2235,reslde,reside,False
2236,Hit,with,False
2237,the,the,False
2238,states.,states.,False
2239,Each,Each,False
2240,state,state,False
2241,should,should,False
2242,develop,develop,False
2243,and,and,False
2244,Implement,Implement,False
2245,a,a,True
2246,comprehenslve,comprehensive,False
2247,groundwater,groundwater,False
2248,management,management,False
2249,program.,program.,False
2250,A,A,True
2251,state,state,False
2252,groundwater,groundwater,False
2253,lzatlon,ization,False
2254,and,and,False
2255,p,planning;,True
2256,annlngi,(2),True
2257,usa,usa,False
2258,of,of,False
2259,approprlate,appropriate,False
2260,groundwater,groundwater,False
2261,objectlves,objectives,False
2262,and,and,False
2263,1nterstate,interstate,False
2264,gr-undweter,groundweter,False
2265,1mpacts.,impacts.,False
2266,Fadsral,Fadsral,False
2267,ancs,assistancs,False
2268,should,should,False
2269,ha,ba,False
2270,avaliable,available,False
2271,to,to,False
2272,help,help,False
2273,the,the,False
2274,states,states,False
2275,perform,perform,False
2276,these,these,False
2277,tasks.,tasks.,False
2278,ms,This,True
2279,asslstance,assistance,True
2280,cen,cen,False
2281,1nclude:,include:,False
2282,(17,(1),True
2283,federal,federal,False
2284,fundlng,funding,True
2285,to,to,False
2286,35515:,assist,True
2287,crlterla,criteria,False
2288,and,and,False
2289,tandards,standards,False
2290,for,for,False
2291,states',states',False
2292,use,use,False
2293,1n,in,False
2294,maklng,making,False
2295,groundwater,groundwater,False
2296,protectlon,protection,False
2297,and,and,False
2298,remedlatl-n,remediation,False
2299,declslons.,decisions.,False
2300,Howsver.,"Howsver,",False
2301,ths,ths,True
2302,federal,federal,False
2303,1nvolvement,involvement,False
2304,should,should,False
2305,not,not,False
2306,1nclude,include,False
2307,the,the,False
2308,alllty,ability,True
2309,to,to,False
2310,make,make,False
2311,declslons,decisions,False
2312,for,for,False
2313,the,the,False
2314,stats,state,False
2315,about,about,False
2316,the,the,False
2317,most,most,False
2318,approprlate,appropriate,False
2319,w.y,way,False
2320,to,to,False
2321,1mplement,implement,False
2322,the,the,False
2323,components,components,False
2324,of,of,False
2325,the,the,False
2326,state,state,False
2327,program.,program.,False
2328,cm,CMA,True
2329,III.,III.,True
2330,TIjm,TIjm,False
2331,Schdule,Schedule,False
2332,Groundwater,Groundwater,False
2333,H11,will,True
2334,in,b«,False
2335,addraased,addraased,False
2336,as,as,False
2337,a,a,True
2338,kay,kay,False
2339,lssue,issue,False
2340,1n,in,False
2341,tha,tha,False
2342,100th,100th,True
2343,Congress.,Congress.,False
2344,To,To,False
2345,ensure,ensure,False
2346,tha,that,False
2347,CMA,CMA,False
2348,has,has,False
2349,an,an,False
2350,actlve,active,False
2351,Volce,voice,False
2352,1n,in,False
2353,the,the,False
2354,"debatE,","debate,",False
2355,CMA...5,CMA’s,True
2356,federal,federal,False
2357,advocacy,advocacy,False
2358,concpts,concepts,True
2359,need,need,False
2360,to,to,False
2361,be,be,False
2362,approved,approved,False
2363,early,early,False
2364,1n,in,False
2365,1937.,1987.,True
2366,IV.,IV.,True
2367,Recoenend.t,Recoenendat,False
2368,lon,ion,False
2369,Tha,Tha,False
2370,EMC,EMC,False
2371,has,has,False
2372,r-Vlewed,reviewed,False
2373,and,and,False
2374,approved,approved,False
2375,these,these,False
2376,concepts,concepts,False
2377,for,for,False
2378,federal,federal,False
2379,groundwater,groundwater,False
2380,l-glslatlon.,legislation.,True
2381,The,The,False
2382,EMC,EMC,False
2383,recommends,recommends,False
2384,approval,approval,False
2385,of,of,False
2386,the,the,False
2387,concepts,concepts,False
2388,paper.,paper.,False
2389,Approve,Approve,False
2390,CMA'S,CMA's,True
2391,concepts,concepts,False
2392,for,for,False
2393,federal,federal,False
2394,groundwater,groundwater,False
2395,leglslatlon.,legislation.,False
2396,cm,CMA,True
2397,cm,CMA,True
2398,Concepts,Concepts,False
2399,for,for,False
2400,ederal,Federal,False
2401,Groundwater,Groundwater,False
2402,Leglslatlon,Legislatlon,False
2403,State,State,False
2404,Groundw.ter,Groundwater,True
2405,Management,Management,False
2406,Prograa,Prograa,False
2407,Each,Each,False
2408,stats,stata,False
2409,sh-uld,should,False
2410,davalop,davalop,False
2411,a,a,True
2412,groundwater,groundwater,False
2413,management,management,False
2414,program.,program.,False
2415,Developman,Oevelopman,False
2416,and,and,False
2417,1mplement.tlon,implementation,True
2418,of,of,False
2419,the,the,False
2420,program,program,False
2421,would,would,False
2422,be,be,False
2423,the,the,False
2424,responslblllty,responsibility,True
2425,of,of,False
2426,the,the,False
2427,state;,state;,False
2428,but,but,False
2429,feeral,federal,False
2430,asslstance,assistance,True
2431,should,should,False
2432,be,be,False
2433,avaliable,available,False
2434,to,to,False
2435,help,help,False
2436,the,the,False
2437,state,state,False
2438,perform,perform,False
2439,these,these,False
2440,tasks.,tasks.,False
2441,Fallure,Failure,False
2442,by,by,True
2443,the,the,False
2444,state,state,False
2445,to,to,False
2446,develop,develop,False
2447,a,a,True
2448,program,program,False
2449,would,would,False
2450,1mplementat1-,implementation.,False
2451,A,A,True
2452,program,program,False
2453,to,to,False
2454,characterlze,characterize,False
2455,state,state,False
2456,groundwater,groundwater,False
2457,resources,resources,False
2458,to,to,False
2459,the,the,False
2460,extent,extent,False
2461,necessary,necessary,False
2462,for,for,False
2463,state,state,False
2464,plannlng.,planning.,True
2465,Use,Use,False
2466,of,of,False
2467,approrlate,appropriate,False
2468,groundwater,groundwater,False
2469,objectlves,objectives,False
2470,and,and,False
2471,standards.,standards.,False
2472,A,A,True
2473,prograa,prograa,False
2474,to,to,False
2475,protect,protect,False
2476,state,state,False
2477,groundwater,groundwater,False
2478,resources,resources,False
2479,from,from,False
2480,sources,sources,False
2481,of,of,False
2482,c-ntamlnatlon.,contamination.,False
2483,A,A,True
2484,process,process,False
2485,to,to,False
2486,address,address,False
2487,groundwater,groundwater,False
2488,remedlatlon,remediation,False
2489,needs.,needs.,False
2490,A,A,True
2491,groundwate,groundwater,False
2492,monltorlng,monitoring,False
2493,program.,program.,False
2494,A,A,True
2495,process,process,False
2496,to,to,False
2497,address,address,False
2498,1nterstate,interstate,False
2499,groundwater,groundwater,False
2500,Impacts.,Impacts.,False
2501,The,The,False
2502,followln,following,False
2503,are,are,False
2504,detalled,detailed,False
2505,descrlptlons,descriptions,True
2506,of,of,False
2507,each,each,False
2508,of,of,False
2509,these,these,False
2510,components.,components.,False
2511,Groundwater,Groundwater,False
2512,Iharacterlzatlon,Characterization,False
2513,The,The,False
2514,state,state,False
2515,out,oust,False
2516,establlsh,establish,True
2517,a,a,True
2518,program,program,False
2519,to,to,False
2520,characterlze,characterize,False
2521,1:5,its,True
2522,groundwater,groundwater,False
2523,esouraes,resources,False
2524,to,to,False
2525,the,the,False
2526,extent,extent,False
2527,necessary,necessary,False
2528,for,for,False
2529,the,the,False
2530,state,state,False
2531,plannlng.,planning.,True
2532,avaliable,available,False
2533,an,and,False
2534,feaslble.,feasible.,False
2535,The,The,False
2536,state,state,False
2537,sh-uld,should,False
2538,consult,consult,False
2539,Hlth,with,True
2540,the,the,False
2541,Unlted,United,False
2542,States,States,False
2543,Geologlcal,Geological,False
2544,Survey,Survey,False
2545,mscsy,(USGS),True
2546,and,and,False
2547,the,the,False
2548,Unlted,United,False
2549,States,States,False
2550,Envlronmental,Environmental,False
2551,Protectlon,Protection,False
2552,Aency,Agency,False
2553,(mm,(EPA),False
2554,for,for,False
2555,guldance,guidance,False
2556,on,on,False
2557,developmg,developing,False
2558,the,the,False
2559,characterlza-lon,characterization,False
2560,program.,program.,False
2561,such,such,False
2562,actlon,action,False
2563,s,is,True
2564,not,not,False
2565,necessary,necessary,False
2566,at,at,False
2567,that,that,False
2568,tune.,time.,False
2569,Based,Based,False
2570,upon,upon,False
2571,1.:,its,True
2572,characterlzatlon,characterization,False
2573,"program,","program,",False
2574,the,the,False
2575,state,state,False
2576,could,could,False
2577,dlvlde,divide,True
2578,1:5,its,True
2579,goundwater,groundwater,False
2580,1nto,into,False
2581,Varlous,various,False
2582,"categorles,","categories,",False
2583,whlch,which,True
2584,may,may,False
2585,requlre,require,False
2586,dlffrent,different,True
2587,management,management,False
2588,approaches.,approaches.,False
2589,Groundwater,Groundwater,False
2590,ijectlves,Objectives,False
2591,and,and,False
2592,Standards,Standards,False
2593,The,The,False
2594,stats,stata,False
2595,mu-t,must,False
2596,establlsh,establish,True
2597,approprlate,appropriate,False
2598,groundwater,groundwater,False
2599,objectlves.,objectives.,False
2600,Dbjectlves,Objectives,False
2601,aply,apply,False
2602,m,to,True
2603,1nd1v1dual,individual,True
2604,aqulfers,aquifers,False
2605,or,or,False
2606,portlons,portions,False
2607,of,of,False
2608,aqulfers.,aquifers.,False
2609,The,The,False
2610,objecth-s,objectives,True
2611,oust,oust,False
2612,1dentlfy,identify,True
2613,the,the,False
2614,current,current,False
2615,and,and,False
2616,reasonably,reasonably,False
2617,antlclpated,anticipated,True
2618,uture,future,False
2619,uses,uses,False
2620,of,of,False
2621,the,the,False
2622,groundwater.,groundwater.,False
2623,that,that,False
2624,Hill,will,False
2625,prmtect,protect,False
2626,avallablllty,availability,True
2627,of,of,False
2628,the,the,False
2629,groundwater,groundwater,False
2630,for,for,False
2631,those,those,False
2632,1dent11ed,identified,False
2633,uses.,uses.,False
2634,Standards,Standards,False
2635,must,must,False
2636,be,be,False
2637,set,set,False
2638,usmg,using,False
2639,For,For,False
2640,regulatlg,regulating,False
2641,drlnklng,drinking,True
2642,water,water,False
2643,"supply,","supply,",True
2644,the,the,False
2645,state,state,False
2646,must,must,False
2647,use,use,False
2648,maxlmum,maximum,False
2649,Conbmlnant,contaminant,True
2650,levels,levels,False
2651,(MCL'57,(MCL's),True
2652,adopted,adopted,False
2653,by,by,True
2654,EPA,EPA,False
2655,under,under,False
2656,the,the,False
2657,Safe,Safe,False
2658,Drlnkln,Drinking,True
2659,Water,Water,False
2660,"Act,","Act,",False
2661,whenever,whenever,False
2662,a,a,True
2663,substance,substance,False
2664,has,has,False
2665,an,an,False
2666,MCL.,MCL.,True
2667,The,The,False
2668,state,state,False
2669,shuld,should,False
2670,use,use,False
2671,crlterla,criteria,False
2672,developed,developed,False
2673,by,by,True
2674,EPA,EPA,False
2675,to,to,False
2676,sac,sac,False
2677,numarleal,numarleal,False
2678,us.,usa,False
2679,standards.,standards.,False
2680,mus,(This,False
2681,would,would,False
2682,requlre,require,False
2683,a,e,True
2684,new,new,False
2685,work,work,False
2686,"effort,","effort,",False
2687,crltrla,criteria,True
2688,"development,","development,",False
2689,at,at,False
2690,EPA.),EPA.),True
2691,The,The,False
2692,state,state,False
2693,mut,must,False
2694,davalop,davalop,False
2695,resources,resources,False
2696,frum,from,False
2697,sources,sources,False
2698,groundwater,groundwater,False
2699,rotectlon,protection,False
2700,the,the,False
2701,goal,goal,False
2702,of,of,False
2703,inlmlzlng,minimizing,True
2704,a,a,True
2705,program,program,False
2706,to,to,False
2707,protect,protect,False
2708,1:5,its,True
2709,groundwater,groundwater,False
2710,Tn,Tn,True
2711,developlnw,developing,False
2712,the,the,False
2713,program.,"program,",False
2714,the,the,False
2715,state,state,False
2716,should,should,False
2717,conslder,consider,False
2718,releases,releases,False
2719,to,to,False
2720,roundwater.,groundwater.,False
2721,In,In,False
2722,developlnw,developing,False
2723,1:5,its,True
2724,protectlon,protection,False
2725,"program,","program,",False
2726,the,the,False
2727,state,state,False
2728,must,must,False
2729,1dentlfy,identify,True
2730,and,and,False
2731,evaluate,evaluate,False
2732,exlstlng,existing,True
2733,and,and,False
2734,potentlal,potential,False
2735,sources,sources,False
2736,of,of,False
2737,contamlnatlo,contamination.,False
2738,The,The,False
2739,program,program,False
2740,ould,could,False
2741,"1nclude,","include,",False
2742,as,as,False
2743,"approprlate,","appropriate,",False
2744,source,source,False
2745,"controls,","controls,",False
2746,The,The,False
2747,program,program,False
2748,us:,must,False
2749,be,be,False
2750,coordlnated,coordinated,False
2751,mm,with,True
2752,exlstlng,existing,True
2753,source,source,False
2754,control,control,False
2755,and,and,False
2756,must,must,False
2757,be,be,False
2758,onslstent,consistent,True
2759,mm,with,True
2760,exlstlng,existing,True
2761,federal,federal,False
2762,provlslons,provisions,False
2763,concernlng,concerning,True
2764,aequate,adequate,False
2765,hazardous,hazardous,False
2766,waste,waste,False
2767,treatment,treatment,False
2768,or,or,False
2769,dlsposal,disposal,False
2770,capaclty.,capacity.,True
2771,The,The,False
2772,program,program,False
2773,ust,must,False
2774,address,address,False
2775,all,all,False
2776,Significant,significant,False
2777,sources,sources,False
2778,of,of,False
2779,contamlnatlo,contamination.,False
2780,Source,Source,False
2781,contr-ls,controls,True
2782,could,could,False
2783,apply,apply,False
2784,unlformly,uniformly,False
2785,statewlde,statewide,False
2786,or,or,False
2787,could,could,False
2788,Source,Source,False
2789,contr-l,control,True
2790,requlrements,requirements,False
2791,should,should,False
2792,make,make,False
2793,approprlate,appropriate,False
2794,dlstlnctlons,distinctions,True
2795,among,among,False
2796,new,new,False
2797,and,and,False
2798,old,old,False
2799,"sources,","sources,",False
2800,dlfferent,different,False
2801,types,types,False
2802,of,of,False
2803,"sources,","sources,",False
2804,an,and,False
2805,speclflc,specific,True
2806,unlque,unique,False
2807,sources.,sources.,False
2808,Protectlon,Protection,False
2809,nasures,measures,False
2810,must,must,False
2811,take,take,False
2812,1nto,into,False
2813,account,account,False
2814,appllcable,applicable,True
2815,groundwater,groundwater,False
2816,-bject1ves,objectives,False
2817,and,and,False
2818,standards.,standards.,False
2819,Some,Some,False
2820,minimum,minimum,False
2821,protectlon,protection,False
2822,nasures,measures,False
2823,should,should,False
2824,be,be,False
2825,developed,developed,False
2826,for,for,False
2827,all,all,False
2828,areas,areas,False
2829,of,of,False
2830,the,the,False
2831,state.,state.,False
2832,cm,CMA,True
2833,ljnplananta,ijnplanantad,True
2834,"(e.g.,","(e.g.,",True
2835,Voluntary,voluntary,False
2836,"controls,","controls,",False
2837,"regulatlons,","regulations,",False
2838,Tha,Tha,False
2839,program,program,False
2840,ust,must,False
2841,1nclude,include,False
2842,adequate,adequate,False
2843,authorlty,authority,False
2844,for,for,False
2845,the,the,False
2846,state,state,False
2847,to,to,False
2848,Groundwater,Groundwater,False
2849,I'emedlatlon,Remediation,False
2850,remedlatlon,remediation,False
2851,needs.,needs.,False
2852,When,When,False
2853,"needed,","needed,",False
2854,remedlal,remedial,False
2855,measures,measures,False
2856,should,should,False
2857,be,be,False
2858,formulated,formulated,False
2859,on,on,False
2860,a,a,True
2861,groundwater,groundwater,False
2862,objectlves/standards.,objectives/standards.,True
2863,appllcable,applicable,True
2864,tats,state,False
2865,and,and,False
2866,federal,federal,False
2867,"laws,","laws,",False
2868,1nclud1ng,including,False
2869,state,state,False
2870,tort,tort,False
2871,Significant,significant,False
2872,remedlal,remedial,False
2873,concerns.,concerns.,False
2874,The,The,False
2875,remedla-lon,remediation,False
2876,process,process,False
2877,must,must,False
2878,1nclude,include,False
2879,adequate,adequate,False
2880,authorlty,authority,False
2881,for,for,False
2882,the,the,False
2883,state,state,False
2884,t,to,True
2885,enforce,enforce,False
2886,remedlal,remedial,False
2887,requlrements.,requirements.,False
2888,Monltorlng,Monitoring,False
2889,'rograms,Programs,False
2890,The,The,False
2891,program,program,False
2892,must,must,False
2893,be,be,False
2894,formulated,formulated,False
2895,to,to,False
2896,serve,serve,False
2897,three,three,False
2898,purposes;,purposes;,False
2899,groundwater,groundwater,False
2900,objectlves,objectives,False
2901,and,and,False
2902,standards.,standards.,False
2903,b.,b.,False
2904,Provlde,Provide,False
2905,nfomatlon,information,False
2906,on,on,False
2907,groundwater,groundwater,False
2908,trends,trends,False
2909,"and,","and,",False
2910,contamlnant-,contaminants.,False
2911,c.,c.,False
2912,Provlde,Provide,False
2913,nfomatlon,information,False
2914,on,on,False
2915,sources,sources,False
2916,of,of,False
2917,contamlnatlon,contamination,False
2918,as,as,False
2919,necessary.,necessary.,False
2920,The,The,False
2921,program,program,False
2922,must,must,False
2923,1nclude,include,False
2924,measures,measures,False
2925,to,to,False
2926,ensure,ensure,False
2927,that,that,False
2928,data,data,False
2929,gathered,gathered,False
2930,3r,are,False
2931,sclentlflcally,scientifically,True
2932,Valld.,valid.,False
2933,The,The,False
2934,state,state,False
2935,sould,should,False
2936,consult,consult,False
2937,Hlth,with,True
2938,the,the,False
2939,Unlted,United,False
2940,States,States,False
2941,Geologlcal,Geological,False
2942,Survey,Survey,False
2943,and,and,False
2944,PA,EPA,False
2945,for,for,False
2946,guldance,guidance,False
2947,on,on,False
2948,developlng,developing,False
2949,the,the,False
2950,monltorlng,monitoring,False
2951,program.,program.,False
2952,The,The,False
2953,state,state,False
2954,c-uld,could,False
2955,establlsh,establish,True
2956,a,a,True
2957,data,data,False
2958,management,management,False
2959,system,system,False
2960,that,that,False
2961,1ncorporate,incorporates,False
2962,all,all,False
2963,relevant,relevant,False
2964,monltorlng,monitoring,False
2965,data.,data.,False
2966,The,The,False
2967,data,data,False
2968,management,management,False
2969,ystem,system,False
2970,should,should,False
2971,1nclude,include,False
2972,1nformatlon,information,False
2973,so,so,False
2974,the,the,False
2975,user,user,False
2976,can,can,False
2977,1dentlf,identify,False
2978,the,the,False
2979,quallty,quality,False
2980,control,control,False
2981,and,and,False
2982,quallty,quality,False
2983,assurance,assurance,False
2984,of,of,False
2985,cm,CMA,True
2986,I,I,True
2987,Interstate,Interstate,False
2988,mpacts,Impacts,False
2989,1nterstate,interstate,False
2990,mpacts,impacts,False
2991,and,and,False
2992,to,to,False
2993,develop,develop,False
2994,1nterstate,interstate,False
2995,"agreements,","agreements,",False
2996,where,where,False
2997,approrlate.,appropriate.,False
2998,cm,CMA,True
2999,Concepts,Concepts,False
3000,to,for,False
3001,Federal,Federal,False
3002,Groundwater,Groundwater,False
3003,leglslatlon,legislation,False
3004,Federal,Federal,False
3005,Rol,Role,False
3006,1n,in,False
3007,Groundwater,Groundwater,False
3008,Management,Management,False
3009,Federal,Federal,False
3010,funlng,funding,False
3011,would,would,False
3012,be,be,False
3013,avaliable,available,False
3014,to,to,False
3015,35515:,assist,True
3016,the,the,False
3017,states,states,False
3018,1n,in,False
3019,developmg,developing,False
3020,helr,their,False
3021,programs.,programs.,False
3022,If,If,False
3023,a,a,True
3024,state,state,False
3025,ubmlts,submits,True
3026,a,a,True
3027,groundwater,groundwater,False
3028,management,management,False
3029,program,program,False
3030,to,to,False
3031,EPA,EPA,False
3032,that,that,False
3033,1ncluds,includes,False
3034,all,all,False
3035,of,of,False
3036,the,the,False
3037,requlred,required,False
3038,"components,","components,",False
3039,EPA,EPA,False
3040,must,must,False
3041,accept,accept,False
3042,the,the,False
3043,program,program,False
3044,and,and,False
3045,provlde,provide,False
3046,fundlng,funding,True
3047,to,to,False
3048,55515:,assist,True
3049,1n,in,False
3050,unplementatlon.,implementation.,False
3051,EPA,EPA,False
3052,may,may,False
3053,not,not,False
3054,judge,judge,False
3055,the,the,False
3056,substantlve,substantive,False
3057,adequacy,adequacy,False
3058,of,of,False
3059,the,the,False
3060,state,state,False
3061,program,program,False
3062,as,as,False
3063,long,long,False
3064,as,as,False
3065,he,the,False
3066,state,state,False
3067,program,program,False
3068,1ncludes,includes,False
3069,all,all,False
3070,of,of,False
3071,the,the,False
3072,requlred,required,False
3073,components,componenta,False
3074,-nd,and,False
3075,the,the,False
3076,state,state,False
3077,certlfles,certifies,True
3078,that,that,False
3079,thelr,their,False
3080,program,program,False
3081,compiles,complies,False
3082,mm,with,True
3083,the,the,False
3084,st.tutory,statutory,False
3085,requlrements.,requirements.,False
3086,EPA,EPA,False
3087,and,and,False
3088,U55,USGS,True
3089,must,must,False
3090,55515:,assist,True
3091,the,the,False
3092,states,states,False
3093,by,by,True
3094,developmg,developing,False
3095,and,and,False
3096,provldlng,providing,True
3097,groundwater,groundwater,False
3098,quallty,quality,False
3099,"Criteria,","criteria,",False
3100,technlcal,technical,True
3101,"Infomatlon,","Information,",False
3102,and,and,False
3103,guldance,guidance,False
3104,on,on,False
3105,groundwater,groundwater,False
3106,lssues.,issues.,False
3107,cm,CMA,True
3108,cm,CMA,True
3109,EXHIBIT,EXHIBIT,False
3110,p,P,True
3111,TRADE,TRADE,False
3112,LAW,LAW,False
3113,'MEDIES,REMEDIES,True
3114,communes,CONCERNING,False
3115,IMPORTS,IMPORTS,False
3116,THREATENING,THREATENING,False
3117,Current,Current,False
3118,tr.e,trade,False
3119,lav,lav,False
3120,authorlzes,authorizes,False
3121,the,the,False
3122,Presldent,President,False
3123,to,to,False
3124,restrlct,restrict,True
3125,1mports,imports,False
3126,of,of,False
3127,products,products,False
3128,w,which,True
3129,1ch,threaten,False
3130,threaten,national,False
3131,natlonal,security.,False
3132,securlty.,A,True
3133,A,list,True
3134,115:,of,True
3135,of,such,False
3136,such,products,False
3137,products,is,False
3138,malntalned,maintained,False
3139,hy,by,True
3140,the,the,False
3141,General,General,False
3142,Servlces,Services,False
3143,Admlnlstratlon.,Administration.,True
3144,Addltlons,Additions,True
3145,m,to,True
3146,the,the,False
3147,115:,list,True
3148,are,are,False
3149,h.ndled,handled,True
3150,by,by,True
3151,the,the,False
3152,Department,Department,False
3153,of,of,False
3154,Commerce,Commerce,False
3155,through,through,False
3156,a,a,True
3157,petition,petition,False
3158,process.,process.,False
3159,A,A,True
3160,rullng,ruling,False
3161,on,on,False
3162,the,the,False
3163,petition,petition,False
3164,must,must,False
3165,occur,occur,False
3166,Within,within,False
3167,one,one,False
3168,year,year,False
3169,of,of,False
3170,1:5,its,True
3171,filing.,filing.,False
3172,"Presldent,","President,",False
3173,.u:,but,True
3174,no,no,False
3175,deadllnes,deadlines,False
3176,currently,currently,False
3177,exlst,exist,False
3178,for,for,False
3179,Presldentlal,Presidential,False
3180,actlons.,actions.,False
3181,The,The,False
3182,produc,products,False
3183,Currently,currently,False
3184,1ncluded,included,False
3185,on,on,False
3186,the,the,False
3187,115:,list,True
3188,whlch,which,True
3189,could,could,False
3190,be,be,False
3191,consldered,considered,False
3192,m,to,True
3193,be,be,False
3194,chemlcals,chemicals,False
3195,are,are,False
3196,elther,either,False
3197,ores,ores,False
3198,or,or,False
3199,chemlcal,chemical,False
3200,element,element,False
3201,petrocheml-al,petrochemical,False
3202,1ndustr1es,industries,False
3203,contlnue,continue,False
3204,to,to,False
3205,develop,develop,False
3206,1n,in,False
3207,researchirlch,research-rich,False
3208,areas,areas,False
3209,of,of,False
3210,the,the,False
3211,world,world,False
3212,.ausmg,causing,False
3213,v.5.,U.S.,True
3214,plant,plant,False
3215,"closures,","closures,",False
3216,addltlonal,additional,True
3217,chemlcal,chemical,False
3218,products,products,False
3219,such,such,False
3220,as,as,False
3221,pe-rochemlcals,petrochemicals,False
3222,would,would,False
3223,be,be,False
3224,added,added,False
3225,to,to,False
3226,the,the,False
3227,115:.,list.,True
3228,Congress.,Congress.,False
3229,Ihe,The,False
3230,cm,CMA,True
3231,Internatlonal,International,False
3232,Trade,Trade,False
3233,Commlttee,Committee,True
3234,has,has,False
3235,already,already,False
3236,proposed,proposed,False
3237,a,a,True
3238,number,number,False
3239,of,of,False
3240,osltlons,positions,False
3241,to,to,False
3242,the,the,False
3243,Board,Board,False
3244,whlch,which,True
3245,address,address,False
3246,dlfferent,different,False
3247,facets,facets,False
3248,of,of,False
3249,exlstlng,existing,True
3250,tade,trade,False
3251,law,law,False
3252,whlch,which,True
3253,am,CMA,False
3254,will,will,False
3255,be,be,False
3256,able,able,False
3257,to,to,False
3258,address,address,False
3259,Either,either,False
3260,dlrectly,directly,False
3261,or,or,False
3262,through,through,False
3263,co.lltlons,coalitions,True
3264,durlng,during,False
3265,the,the,False
3266,upcomlng,upcoming,False
3267,Congresslonal,Congressional,False
3268,dellberatlons.,deliberations.,False
3269,cm,CMA,True
3270,PDSITIIN:,POSITION:,True
3271,cm,CMA,True
3272,supporls,supports,False
3273,the,the,False
3274,strengthenlng,strengthening,False
3275,of,of,False
3276,Sectlon,Section,False
3277,of,of,False
3278,the,the,False
3279,Trade,Trade,False
3280,Expanslon,Expansion,False
3281,at,Act,False
3282,of,of,False
3283,and,and,False
3284,recommends,recommends,False
3285,the,the,False
3286,followlng,following,False
3287,changes,chenges,False
3288,to,to,False
3289,achleve,achieve,False
3290,thls,this,True
3291,31m.,aim.,False
3292,to,to,False
3293,act,act,False
3294,on,on,False
3295,ectlon,Section,False
3296,petitions.,petitions.,False
3297,o,o,True
3298,Shorten,Shorten,False
3299,he,the,False
3300,time,time,False
3301,for,for,False
3302,exlstlng,existing,True
3303,mandatory,mandatory,False
3304,"deadllnes,","deadlines,",False
3305,or,or,False
3306,mpose,impose,False
3307,deadllnes,deadlines,False
3308,here,where,False
3309,none,none,False
3310,"exlst,","exist,",True
3311,by,by,True
3312,whlch,which,True
3313,both,both,False
3314,the,the,False
3315,Secretary,Secretary,False
3316,of,of,False
3317,Commerce,Commerce,False
3318,ad,and,False
3319,the,the,False
3320,Presldent,President,False
3321,must,must,False
3322,act,act,False
3323,on,on,False
3324,Sectlon,Section,False
3325,ACTION,ACTION,False
3326,REQUESTED,REQUESTED,False
3327,cm,CMA,True
3328,TRADE,TRADE,False
3329,LAW,LAW,False
3330,EMEDIES,REMEDIES,False
3331,communes,CONCERNING,False
3332,IMPORTS,IMPORTS,False
3333,THREATENING,THREATENING,False
3334,NATIONAL,NATIONAL,False
3335,mummy,SECURITY,False
3336,Current,Current,False
3337,La,Lav,False
3338,Sectlon,Section,False
3339,of,of,False
3340,the,the,False
3341,Trade,Trade,False
3342,Expanslon,Expansion,False
3343,Act,Act,False
3344,of,of,False
3345,authorlzes,authorizes,False
3346,the,the,False
3347,Presldent,President,False
3348,o,to,True
3349,restrlct,restrict,True
3350,unports,imports,False
3351,of,of,False
3352,products,products,False
3353,whlch,which,True
3354,threaten,threaten,False
3355,natlonal,national,False
3356,securlty.,security.,True
3357,he,The,False
3358,lav,lav,False
3359,requlres,requires,False
3360,the,the,False
3361,Secretary,Secretary,False
3362,of,of,False
3363,Commerce,Commerce,False
3364,to,to,False
3365,begln,begin,False
3366,an,an,False
3367,1mports,imports,False
3368,of,of,False
3369,a,a,True
3370,produet,produet,False
3371,upon,upon,False
3372,the,the,False
3373,request,request,False
3374,of,of,False
3375,another,another,False
3376,government,government,False
3377,agency,agency,False
3378,or,or,False
3379,"apartment,","department,",False
3380,an,an,False
3381,1nterested,interested,False
3382,"party,","party,",False
3383,or,or,False
3384,his,his,False
3385,own,own,False
3386,Volltlon.,volition.,False
3387,If,If,False
3388,the,the,False
3389,Sec,Secretary,False
3390,etary,determines,False
3391,detemlnes,that,False
3392,that,there,False
3393,there,is,False
3394,some,some,False
3395,threat,threat,False
3396,to,to,False
3397,natlonal,national,False
3398,"securlty,","security,",True
3399,a,he,True
3400,must,must,False
3401,advlse,advise,False
3402,the,the,False
3403,Presldent,President,False
3404,Hlthln,within,True
3405,one,one,False
3406,year,year,False
3407,of,of,False
3408,the,the,False
3409,obllged,obliged,False
3410,to,to,False
3411,answer,answer,False
3412,thls,this,True
3413,petition,petition,False
3414,Within,within,False
3415,a,a,True
3416,speclflc,specific,True
3417,perlod.,period.,False
3418,Sampllng,Sampling,True
3419,o,of,True
3420,Proposals,Proposals,False
3421,Made,Made,False
3422,for,for,False
3423,Leglslatlve,Legislative,False
3424,Changes,Changes,False
3425,Several,Several,False
3426,pr-posals,proposals,False
3427,have,have,False
3428,been,been,False
3429,made,made,False
3430,to,to,False
3431,establlsh,establish,True
3432,deadllnes,deadlines,False
3433,for,for,False
3434,Presldent1.l,Presidential,True
3435,"actlon,","action,",False
3436,such,such,False
3437,as,as,False
3438,a,a,True
3439,requlrement,requirement,False
3440,that,that,False
3441,the,the,False
3442,Presldent,President,False
3443,act,act,False
3444,Within,within,False
3445,one,one,False
3446,year,year,False
3447,after,after,False
3448,recelvlng,receiving,True
3449,the,the,False
3450,Secretary's,Secretary's,False
3451,advlce.,advice.,False
3452,Another,Another,False
3453,suggestlo,suggestion,False
3454,would,would,False
3455,establlsh,establish,True
3456,a,a,True
3457,Bniday,90-day,False
3458,deadllne.,deadline.,False
3459,Some,Some,False
3460,would,would,False
3461,1m7,im­,False
3462,recelvlng,receiving,True
3463,he,the,False
3464,Secretary's,Secretary's,False
3465,recommendatlons.,recommendations.,False
3466,Unlted,United,False
3467,St.tes,States,False
3468,1n,in,False
3469,tunes,times,False
3470,of,of,False
3471,natlonal,national,False
3472,emergency.,emergency.,False
3473,The,The,False
3474,Federal,Federal,False
3475,Governmen-,Government,False
3476,should,should,False
3477,ensure,ensure,False
3478,that,that,False
3479,import,import,False
3480,competltlon,competition,False
3481,does,does,False
3482,not,not,False
3483,hlnder,hinder,False
3484,plies,plies,False
3485,of,of,False
3486,Ihese,these,False
3487,essentlal,essential,False
3488,products.,products.,False
3489,Leglslatl-n,Legislation,False
3490,that,that,False
3491,would,would,False
3492,provlde,provide,False
3493,fr,for,True
3494,deadllnes,deadlines,False
3495,will,will,False
3496,force,force,False
3497,the,the,False
3498,Admlnlstratlon,Administration,True
3499,to,to,False
3500,focus,focus,False
3501,on,on,False
3502,and,and,False
3503,as,as,False
3504,a,a,True
3505,ractlcal,practical,False
3506,matter,matter,False
3507,would,would,False
3508,not,not,False
3509,act,act,False
3510,wlthout,without,False
3511,the,the,False
3512,Presldent's,President's,False
3513,authorlty,authority.,False
3514,fall,fall,False
3515,1nto,into,False
3516,the,the,False
3517,category,category,False
3518,of,of,False
3519,bemg,being,False
3520,essentlal,essential,False
3521,m,to,True
3522,natlonal,national,False
3523,securlty.,security.,True
3524,The,The,False
3525,lssue,issue,False
3526,as,as,False
3527,to,to,False
3528,what,what,False
3529,extent,extent,False
3530,the,the,False
3531,natlonal,national,False
3532,securlty,security,False
3533,and,and,False
3534,forelgn,foreign,False
3535,lover,lover,False
3536,"prles,","prices,",False
3537,and,and,False
3538,the,the,False
3539,questlon,question,False
3540,of,of,False
3541,what,what,False
3542,natlonal,national,False
3543,securlty,security,False
3544,costs,costs,False
3545,should,should,False
3546,be,be,False
3547,borne,borne,False
3548,by,by,True
3549,the,the,False
3550,taxpayers,taxpayers,False
3551,to,to,False
3552,protect;agalnst,protect;against,False
3553,supply,supply,False
3554,dlsruptlo,disruption,False
3555,n,n,True
3556,ed,ed,False
3557,to,to,False
3558,be,be,False
3559,addressed.,addressed.,False
3560,Expanslon,Expansion,False
3561,Act,Act,False
3562,of,of,False
3563,and,and,False
3564,recommends,recommends,False
3565,the,the,False
3566,followlng,following,False
3567,changes,changes,False
3568,to,to,False
3569,ana,—,False
3570,a,Private,True
3571,sector,sector,False
3572,petitions,petitions,False
3573,to,to,False
3574,1n1tlate,initiate,True
3575,a,a,True
3576,Sectlon,Section,False
3577,whether,whether,False
3578,t-,to,False
3579,proceed,proceed,False
3580,mm,with,True
3581,the,the,False
3582,1nvest1gatlon,investigation,False
3583,or,or,False
3584,temlnate,terminate,False
3585,Secretary,Secretary,False
3586,of,of,False
3587,CoBaerce,CoBaerce,False
3588,and,and,False
3589,the,the,False
3590,Presldent,President,False
3591,Bust,Bust,False
3592,act,act,False
3593,on,on,False
3594,whlch,which,True
3595,sak,sake,False
3596,recommendatlons,recommendations,False
3597,to,to,False
3598,the,the,False
3599,Presldent.,President.,False
3600,The,The,False
3601,recommend-tlons,recommendations,True
3602,of,of,False
3603,the,the,False
3604,Secretary,Secretary,False
3605,of,of,False
3606,Commerce,Commerce,False
3607,to,to,False
3608,the,the,False
3609,1nvest1ga,investigation,False
3610,ion,is,False
3611,1n1tlated,initiated,True
3612,and,and,False
3613,the,the,False
3614,Presldent,President,False
3615,must,must,False
3616,act,act,False
3617,cm,CMA,True
3618,Amerlcan,American,False
3619,atlonal,National,False
3620,Standard,Standard,False
3621,for,for,False
3622,Precautlonary,Precautionary,False
3623,labellng,labeling,False
3624,.5,of,True
3625,Hazardous,Hazardous,False
3626,Industrlal,Industrial,False
3627,Chemlcals,Chemicals,False
3628,(ANSI,(ANSI,True
3629,2129.1719977,Z129.1-1987),True
3630,llnes,lines,False
3631,fo,for,False
3632,the,the,False
3633,chemlcal,chemical,False
3634,1ndustry.,industry.,True
3635,In,In,False
3636,"1975,","1976,",True
3637,CMA,CMA,False
3638,became,became,False
3639,the,the,False
3640,Natlonal,National,False
3641,Standard,Standard,False
3642,for,for,False
3643,Precautlonary,Precautionary,False
3644,Labellng,Labeling,False
3645,of,of,False
3646,Hazardous,Hazardous,False
3647,Industr1.l,Industrial,True
3648,Chemlcals.,Chemicals.,False
3649,The,The,False
3650,guldellnes,guidelines,False
3651,then,then,False
3652,became,became,False
3653,a,a,True
3654,Voluntary,voluntary,False
3655,consensu,consensus,False
3656,standard,standard,False
3657,under,under,False
3658,the,the,False
3659,ausplces,auspices,False
3660,of,of,False
3661,the,the,False
3662,Amerlcan,American,False
3663,Natlonal,National,False
3664,Standard,Standards,False
3665,Instltute,Institute,True
3666,(M517.,(ANSI).,True
3667,extenslV-ly,extensively,True
3668,revlsed,revised,False
3669,by,by,True
3670,the,the,False
3671,cm,CMA,True
3672,Health,Health,False
3673,and,and,False
3674,Safety,Safety,False
3675,Commlttee's,Committee's,True
3676,Labellng,Labeling,False
3677,Task,Task,False
3678,Group,Group,False
3679,for,for,False
3680,a,a,True
3681,printing.,printing.,False
3682,After,After,False
3683,presentatlon,presentation,False
3684,to,to,False
3685,the,the,False
3686,ANSI,ANSI,False
3687,consensus,consensus,False
3688,process,process,False
3689,by,by,True
3690,whlch,which,True
3691,CMA,CMA,False
3692,member,member,False
3693,"companles,","companies,",False
3694,1nterest-d,interested,False
3695,1ndustry,industry,False
3696,"groups,","groups,",False
3697,labor,labor,False
3698,"muons,","unions,",False
3699,government,government,False
3700,"agencles,","agencies,",False
3701,consumer,consumer,False
3702,coalltlons,coalitions,False
3703,and,and,False
3704,professlonal,professional,False
3705,socletles,societies,False
3706,revlew,review,False
3707,and,and,False
3708,Vote,vote,False
3709,on,on,False
3710,projects,projected,False
3711,for,for,False
3712,m1d71987.,mid-1987.,True
3713,smum,SIGNIFICANCE,False
3714,NCE,Of,False
3715,of,ANSI,False
3716,ANSI,Z129.1>,False
3717,2129.»,The,True
3718,The,revision,False
3719,revlslon,of,False
3720,of,ANSI,False
3721,ANSI,Z129.1,False
3722,2129.1,is,True
3723,part1cul.rly,particularly,True
3724,relevant,relevant,False
3725,to,to,False
3726,the,the,False
3727,chemlcal,chemical,False
3728,1ndustry,industry,False
3729,for,for,False
3730,the,the,False
3731,followlng,following,False
3732,reasons:,reasons:,False
3733,The,The,False
3734,OSHA,OSHA,False
3735,Hazard,Hazard,False
3736,Cosstunlcatlon,Cosstunication,False
3737,Standard,Standard,False
3738,requlres,requires,False
3739,labellng,labeling,False
3740,o,o,True
3741,In,In,False
3742,"1936,","1986,",True
3743,OSHA,OSHA,False
3744,Eleld,field,False
3745,1nspectors,inspectors,False
3746,lssued,issued,False
3747,altatlons,citations,False
3748,to,to,False
3749,CMA,CMA,False
3750,member,member,False
3751,companle,companies,False
3752,for,for,False
3753,a,a,True
3754,Varlety,variety,False
3755,of,of,False
3756,labellng,labeling,False
3757,"Violations,","violations,",False
3758,1nclud1ng,including,False
3759,the,the,False
3760,lack,lack,False
3761,of,of,False
3762,arget,target,False
3763,organ/system,organ/system,True
3764,hazard,hazard,False
3765,Harnlngs,warnings,True
3766,on,on,False
3767,labels.,labels.,False
3768,The,The,False
3769,perf-mance*or1ented,performance-oriented,True
3770,nature,nature,False
3771,of,of,False
3772,the,the,False
3773,OSHA,OSHA,False
3774,Hazard,Hazard,False
3775,Communist,Communica­,False
3776,llnes,lines,False
3777,1n,in,False
3778,ANSI,ANSI,False
3779,2129.1,Z129.1,True
3780,provlde,provide,False
3781,both,both,False
3782,guldance,guidance,False
3783,and,and,False
3784,flexlblllty,flexibility,True
3785,m,to,True
3786,cm,CMA,True
3787,membr,member,False
3788,companles.,companies.,False
3789,o,o,True
3790,A,A,True
3791,11:1g1ms,litigious,True
3792,trend,trend,False
3793,toward,toward,False
3794,1ndustry,industry,False
3795,llablllty,liability,True
3796,for,for,False
3797,alleged,alleged,False
3798,occupatl-nal,occupational,False
3799,lllnesses,illnesses,True
3800,has,has,False
3801,put,put,False
3802,the,the,False
3803,1ndustry,industry,False
3804,at,at,False
3805,rlsk,risk,True
3806,for,for,False
3807,{allure,failure,False
3808,o,to,True
3809,Eulflll,fulfill,True
3810,the,the,False
3811,"""duty","""duty",False
3812,to,to,False
3813,"warn.""","warn.""",False
3814,pnrmny,PRIMARY,True
3815,ISSUES,ISSUES,False
3816,IN,IN,False
3817,ANSI,ANSI,False
3818,2129.171997;,Z129.1-1987;,True
3819,o,o,True
3820,In,In,False
3821,llgh,light,True
3822,of,of,False
3823,the,the,False
3824,regulatory,regulatory,False
3825,and,and,False
3826,liability,liability,False
3827,lssues,issues,False
3828,llsted,listed,False
3829,above.,"above,",False
3830,A,ANSI,True
3831,2129.171997,Z129.1-1987,True
3832,focuses,focuses,False
3833,for,for,False
3834,the,the,False
3835,flrst,first,True
3836,time,time,False
3837,on,on,False
3838,labelln,labeling,False
3839,of,of,False
3840,delayed,delayed,False
3841,(chronlc),(chronic),False
3842,hazards,hazards,False
3843,and,and,False
3844,target,target,False
3845,organ/,organ/,False
3846,system,system,False
3847,azards.,hazards.,False
3848,o,o,True
3849,Guldanc-,Guidance,False
3850,for,for,False
3851,1mmedlate,immediate,False
3852,(acute7,(acute),False
3853,hazards,hazards,False
3854,has,has,False
3855,been,been,False
3856,revlsed.,revised.,False
3857,compare-,compared,False
3858,and,and,False
3859,adjusted,adjusted,False
3860,for,for,False
3861,compllance,compliance,False
3862,Hlth,with,True
3863,hey,hey,False
3864,regulatory,regulatory,False
3865,"statute',","statutes,",False
3866,"e.g.,","e.g.,",True
3867,the,the,False
3868,DSKA,OSKA,False
3869,Hazard,Hazard,False
3870,Comnunlcatlon,Comnunication,False
3871,"Standard,","Standard,",False
3872,"TSCA,","TSCA,",True
3873,"pm“,","FIFRA,",False
3874,[CT,OCT,True
3875,labellng,labeling,False
3876,"requlrements,","requirements,",False
3877,etc.,etc.,False
3878,ADVOCAC,ADVOCACY,False
3879,PLANS;,PLANS;,True
3880,ACTION,ACTION,False
3881,Announcment,Announcement,False
3882,of,of,False
3883,the,the,False
3884,avallablllty,availability,True
3885,of,of,False
3886,the,the,False
3887,standard,standard,False
3888,1n,in,False
3889,trade,trade,False
3890,journal.,"journals,",False
3891,"newsletters,","newsletters,",False
3892,and,and,False
3893,other,other,False
3894,approprlate,appropriate,False
3895,forums.,forums.,False
3896,"groups,","groups,",False
3897,and,and,False
3898,government,government,False
3899,offlclals,officials,True
3900,1n,in,False
3901,199771999.,1987-1988.,True
3902,requlret,requiredt,False
3903,Endorse,Endorse,False
3904,the,the,False
3905,submlsslon,submission,True
3906,of,of,False
3907,the,the,False
3908,proposed,proposed,False
3909,revlsed,revised,False
3910,revlew.,"review,",False
3911,followed,followed,False
3912,by,by,True
3913,Amerlcan,American,False
3914,Natlonal,National,False
3915,Standards,Standards,False
3916,cm,CMA,True
3917,camrcm,CHEMICAL,False
3918,pnouvcmzs,PRODUCERS,True
3919,...mm,“FAIR,True
3920,sammm,SHARE’’,True
3921,SALES,SALES,False
3922,152.5,162.5,True
3923,227.5,227.5,True
3924,325.0,325.0,True
3925,125.0,125.0,True
3926,107.5,107.5,True
3927,150.5,150.5,True
3928,215.0,215.0,True
3929,92.0,82.0,True
3930,55.0,55.0,True
3931,77.0,77.0,True
3932,110.0,110.0,True
3933,42.0,42.0,True
3934,40.0,40.0,True
3935,50.0,50.0,True
3936,90.0,80.0,True
3937,30.0,30.0,True
3938,27.5,27.5,True
3939,39.5,38.5,True
3940,55.0,55.0,True
3941,20.0,20.0,True
3942,17.5,17.5,True
3943,24.5,24.5,True
3944,35.0,35.0,True
3945,14.0,14.0,True
3946,13.0,13.0,True
3947,3.25,3.25,True
3948,PRoosED,PROPOSED,True
3949,CLEAN,CLEAN,False
3950,SITES,SITES,False
3951,REVENUE,REVENUE,False
3952,soURcEs,SOURCES,False
3953,94/95,84/85,True
3954,95/95,85/86,True
3955,95/97,86/87,True
3956,97/99,87/88,True
3957,99/99,88/89,True
3958,99/9.,89/90,True
3959,cm,CMA,True
3960,nonmnsumous,CONTRIBUTIONS,False
3961,DTHE',OTHER,True
3962,coumnsmmus,CONTRIBUTIONS,True
3963,TDTAI,TOTAL,False
3964,exhllt,exhibit,True
3965,s,s,True
3966,HIGH,HIGH,False
3967,MARKEFBASED,MARKET-BASED,False
3968,INTEREST.,"INTEREST,",True
3969,GUARANTEED,GUARANTEED,False
3970,MINIMUM,MINIMUM,False
3971,RETURN.,RETURN.,True
3972,SPECAL,SPECIAL,False
3973,TAX,TAX,False
3974,"ADVANTAGEs,","ADVANTAGES,",True
3975,AND,AND,False
3976,A,A,True
3977,couvmmm,CONVENIENT,True
3978,PAYROLL,PAYROLL,False
3979,SAVINGS,SAVINGS,False
3980,PLA,PLAN:,False
3981,due,ducing,False
3982,ng,THE,True
3983,THE,LEVEL,False
3984,LEVEL,OF,False
3985,sovmwmm,GOVERNMENT,True
3986,BDRRDWING,BORROWING,True
3987,m,IN,True
3988,FINANCIAL,FINANCIAL,False
3989,pruent,prudent,False
3990,means,means,False
3991,of,of,False
3992,BE,8E,False
3993,t,it,True
3994,resolved,resolved,False
3995,that,that,False
3996,the,the,False
3997,Chemlcal,Chemical,False
3998,Manufacturers,Manufacturers,False
3999,Assoclatlon,Association,False
4000,TH'REFDRE:,"THEREFORE,",True
4001,Dranlzlng,Organizing,True
4002,1n,in,False
4003,whlch,which,True
4004,emloyees,employees,False
4005,are,are,False
4006,1nd1v1dually,individually,True
4007,asked,asked,False
4008,to,to,False
4009,enroll,enroll,False
4010,1n,in,False
4011,T-E,THE,True
4012,PROGRAM.,"PROGRAM,",True
4013,on,OR,False
4014,TO,TO,False
4015,INCREASE,INCREASE,False
4016,THEIR,THEIR,False
4017,ALLDTMENTS,ALLOTMENTS,True
4018,IF,IF,False
4019,CURRENTLY,CURRENTLY,False
4020,P'TICIPATING.,PARTICIPATING.,True
4021,A,CMA,True
